Nro_Expediente,Fuero,Juzgado_Radicacion,Tipo_Proceso,Fecha_Inicio,Estado_Causa,Dias_Activo
31734/26,Penal (Colegio de Jueces),Unidad Conclusiva de Causas,Sucesorio,2025-06-30,Archivado,141
88291/24,Penal (Colegio de Jueces),Sala I,Amparo,2025-10-10,En Trámite,339
79088/24,"Civil, Comercial y Minería",3° Juzgado Civil,Amparo,2026-05-22,Suspendido,115
32577/23,Familia,2° Juzgado de Familia,Hurto,2025-10-06,Suspendido,343
33128/26,"Civil, Comercial y Minería",4° Juzgado Civil,Divorcio,2024-11-10,Archivado,293
50292/23,Familia,1° Juzgado de Familia,Homicidio,2024-10-19,Archivado,172
10864/26,Familia,1° Juzgado de Familia,Homicidio,2025-09-17,Archivado,127
63829/24,Familia,2° Juzgado de Familia,Amparo,2024-11-18,Para Sentencia,665
71512/26,"Civil, Comercial y Minería",4° Juzgado Civil,Hurto,2026-05-09,Resuelto,150
34822/26,Familia,1° Juzgado de Familia,Hurto,2025-03-23,Suspendido,540
7703/26,"Civil, Comercial y Minería",4° Juzgado Civil,Hurto,2025-07-01,Suspendido,440
47944/25,"Civil, Comercial y Minería",1° Juzgado Civil,Sucesorio,2024-06-28,Archivado,365
37757/23,"Civil, Comercial y Minería",2° Juzgado Civil,Divorcio,2025-11-16,En Trámite,302
89216/24,Penal (Colegio de Jueces),Sala II,Hurto,2025-01-09,Archivado,249
93018/25,Familia,2° Juzgado de Familia,Hurto,2024-05-10,En Trámite,856
17109/26,Familia,2° Juzgado de Familia,Hurto,2024-05-01,Resuelto,273
54894/26,"Civil, Comercial y Minería",3° Juzgado Civil,Divorcio,2026-08-02,Para Sentencia,43
24124/24,"Civil, Comercial y Minería",1° Juzgado Civil,Amparo,2025-05-06,Archivado,174
44002/23,"Civil, Comercial y Minería",4° Juzgado Civil,Homicidio,2024-01-22,Archivado,385
66121/25,Penal (Colegio de Jueces),Sala I,Divorcio,2025-06-25,En Trámite,446
31552/25,Penal (Colegio de Jueces),Sala I,Hurto,2026-03-26,Resuelto,98
37690/24,Familia,2° Juzgado de Familia,Despido,2024-11-28,En Trámite,655
10634/25,"Civil, Comercial y Minería",2° Juzgado Civil,Homicidio,2024-08-12,Para Sentencia,763
93774/26,"Civil, Comercial y Minería",4° Juzgado Civil,Amparo,2024-09-01,Para Sentencia,743
29157/25,Familia,1° Juzgado de Familia,Despido,2025-11-29,En Trámite,289
2336/23,Familia,2° Juzgado de Familia,Hurto,2026-05-02,Resuelto,399
85740/26,Laboral,1° Juzgado Laboral,Hurto,2025-09-19,En Trámite,360
41085/26,Familia,1° Juzgado de Familia,Amparo,2023-10-02,Para Sentencia,1078
17735/23,Laboral,2° Juzgado Laboral,Hurto,2023-12-04,Resuelto,355
6316/25,Laboral,2° Juzgado Laboral,Divorcio,2023-12-22,Suspendido,997
14076/25,"Civil, Comercial y Minería",4° Juzgado Civil,Despido,2025-03-26,Resuelto,181
29942/26,"Civil, Comercial y Minería",2° Juzgado Civil,Amparo,2023-12-29,En Trámite,990
64544/26,Laboral,3° Juzgado Laboral,Amparo,2025-06-04,Suspendido,467
61817/23,Familia,1° Juzgado de Familia,Amparo,2026-03-18,Archivado,301
77979/25,Penal (Colegio de Jueces),Sala II,Despido,2024-05-23,Para Sentencia,844
14368/23,Familia,1° Juzgado de Familia,Homicidio,2025-04-29,Resuelto,144
88047/24,Laboral,1° Juzgado Laboral,Despido,2025-10-18,Archivado,329
57363/24,Familia,1° Juzgado de Familia,Homicidio,2024-11-02,En Trámite,681
52369/26,Familia,1° Juzgado de Familia,Daños y Perjuicios,2025-05-08,Para Sentencia,494
98555/25,Familia,1° Juzgado de Familia,Amparo,2023-10-26,Para Sentencia,1054
28351/23,Penal (Colegio de Jueces),Sala I,Sucesorio,2026-07-25,En Trámite,51
44343/25,Familia,1° Juzgado de Familia,Homicidio,2025-02-14,Resuelto,350
52907/26,Penal (Colegio de Jueces),Sala II,Daños y Perjuicios,2025-11-20,Suspendido,298
35916/25,Familia,2° Juzgado de Familia,Daños y Perjuicios,2024-11-12,Archivado,260
20106/26,Familia,2° Juzgado de Familia,Divorcio,2025-01-03,En Trámite,619
82711/25,Familia,1° Juzgado de Familia,Homicidio,2024-06-07,En Trámite,829
50834/26,Familia,2° Juzgado de Familia,Divorcio,2025-01-18,Para Sentencia,604
28175/25,Laboral,1° Juzgado Laboral,Divorcio,2025-02-25,En Trámite,566
89795/25,Familia,1° Juzgado de Familia,Hurto,2024-07-01,Archivado,176
86555/25,"Civil, Comercial y Minería",4° Juzgado Civil,Divorcio,2025-12-19,Suspendido,269
86580/25,Laboral,1° Juzgado Laboral,Hurto,2024-01-09,Resuelto,241
49644/26,"Civil, Comercial y Minería",4° Juzgado Civil,Amparo,2025-09-23,Resuelto,183
21735/24,Penal (Colegio de Jueces),Unidad Conclusiva de Causas,Amparo,2026-09-13,Archivado,268
3020/23,Familia,1° Juzgado de Familia,Divorcio,2025-06-04,Archivado,70
88886/25,"Civil, Comercial y Minería",4° Juzgado Civil,Sucesorio,2024-05-07,Suspendido,860
2212/26,Familia,2° Juzgado de Familia,Divorcio,2023-11-07,Archivado,302
13899/23,Penal (Colegio de Jueces),Sala I,Amparo,2025-07-20,Archivado,63
34930/24,Familia,2° Juzgado de Familia,Divorcio,2025-04-20,Archivado,233
44596/26,Penal (Colegio de Jueces),Unidad Conclusiva de Causas,Hurto,2025-12-23,Suspendido,264
96719/23,Familia,1° Juzgado de Familia,Homicidio,2024-03-21,Suspendido,907
57096/26,Laboral,1° Juzgado Laboral,Despido,2025-02-13,Archivado,90
67349/26,Penal (Colegio de Jueces),Sala III,Hurto,2025-05-17,Suspendido,485
6299/24,Familia,2° Juzgado de Familia,Sucesorio,2024-09-23,En Trámite,720
41995/26,Penal (Colegio de Jueces),Sala II,Hurto,2026-01-16,Para Sentencia,241
62365/25,Penal (Colegio de Jueces),Sala II,Hurto,2023-09-28,Suspendido,1081
87656/23,"Civil, Comercial y Minería",1° Juzgado Civil,Despido,2025-08-13,En Trámite,397
65369/26,Laboral,1° Juzgado Laboral,Daños y Perjuicios,2026-04-10,Archivado,291
93886/23,"Civil, Comercial y Minería",1° Juzgado Civil,Hurto,2024-07-08,Suspendido,798
73878/26,Penal (Colegio de Jueces),Unidad Conclusiva de Causas,Hurto,2024-02-27,Para Sentencia,930
91353/24,Penal (Colegio de Jueces),Sala I,Amparo,2026-02-08,Resuelto,302
41021/25,"Civil, Comercial y Minería",2° Juzgado Civil,Divorcio,2023-11-19,Suspendido,1030
31367/25,Familia,1° Juzgado de Familia,Homicidio,2023-12-18,Resuelto,323
19153/25,Penal (Colegio de Jueces),Sala III,Homicidio,2024-02-21,Resuelto,214
36981/25,Laboral,1° Juzgado Laboral,Daños y Perjuicios,2024-05-23,Resuelto,180
11969/24,"Civil, Comercial y Minería",4° Juzgado Civil,Homicidio,2025-09-23,En Trámite,356
21602/26,Familia,2° Juzgado de Familia,Homicidio,2025-05-04,Para Sentencia,498
72743/26,Familia,1° Juzgado de Familia,Daños y Perjuicios,2025-07-18,Suspendido,423
44011/24,Familia,1° Juzgado de Familia,Hurto,2023-12-25,Para Sentencia,994
26249/25,Familia,2° Juzgado de Familia,Hurto,2026-01-09,En Trámite,248
62653/24,Familia,1° Juzgado de Familia,Daños y Perjuicios,2024-07-22,Resuelto,271
7197/24,Familia,2° Juzgado de Familia,Despido,2026-07-02,Resuelto,291
75867/26,Laboral,3° Juzgado Laboral,Amparo,2024-10-25,Resuelto,206
84205/23,Familia,1° Juzgado de Familia,Daños y Perjuicios,2024-11-04,Para Sentencia,679
40598/23,Familia,1° Juzgado de Familia,Divorcio,2026-01-24,Suspendido,233
84877/23,Laboral,1° Juzgado Laboral,Hurto,2023-09-16,En Trámite,1094
79363/23,Laboral,3° Juzgado Laboral,Despido,2025-03-21,En Trámite,542
62686/24,Laboral,2° Juzgado Laboral,Amparo,2025-06-11,Resuelto,101
73109/23,"Civil, Comercial y Minería",4° Juzgado Civil,Homicidio,2025-03-24,En Trámite,539
44147/26,Laboral,1° Juzgado Laboral,Sucesorio,2026-05-30,Resuelto,246
93117/26,Familia,1° Juzgado de Familia,Divorcio,2026-06-15,Resuelto,35
92207/24,Penal (Colegio de Jueces),Sala I,Sucesorio,2026-03-02,Suspendido,196
91235/26,Laboral,3° Juzgado Laboral,Homicidio,2024-06-06,Suspendido,830
83319/25,Familia,2° Juzgado de Familia,Homicidio,2024-09-26,Suspendido,718
91253/23,Penal (Colegio de Jueces),Sala III,Hurto,2025-10-16,En Trámite,333
13670/26,Laboral,1° Juzgado Laboral,Hurto,2023-12-06,Resuelto,88
31771/26,"Civil, Comercial y Minería",1° Juzgado Civil,Amparo,2024-04-30,Suspendido,867
76555/23,Laboral,1° Juzgado Laboral,Sucesorio,2024-09-15,Archivado,381
31179/23,Laboral,1° Juzgado Laboral,Amparo,2024-08-10,En Trámite,765
40533/23,Laboral,3° Juzgado Laboral,Sucesorio,2023-11-27,Archivado,199
60751/23,Penal (Colegio de Jueces),Sala III,Sucesorio,2024-06-26,Archivado,223
7332/23,"Civil, Comercial y Minería",1° Juzgado Civil,Daños y Perjuicios,2024-01-24,En Trámite,963
25398/26,Laboral,1° Juzgado Laboral,Hurto,2025-01-17,En Trámite,605
99644/24,Penal (Colegio de Jueces),Sala II,Amparo,2023-11-09,Para Sentencia,1040
64803/24,Penal (Colegio de Jueces),Sala I,Hurto,2024-06-10,Archivado,85
94665/23,Penal (Colegio de Jueces),Sala II,Daños y Perjuicios,2024-04-19,Para Sentencia,878
91452/26,Familia,1° Juzgado de Familia,Homicidio,2024-12-24,Para Sentencia,629
48960/23,Laboral,2° Juzgado Laboral,Sucesorio,2026-03-22,Suspendido,176
37308/26,Penal (Colegio de Jueces),Sala I,Daños y Perjuicios,2024-02-24,Archivado,49
77350/25,Laboral,1° Juzgado Laboral,Sucesorio,2026-05-25,Suspendido,112
19052/25,Penal (Colegio de Jueces),Sala I,Amparo,2024-03-02,Archivado,363
75049/24,Familia,1° Juzgado de Familia,Despido,2023-11-08,Archivado,52
7504/25,Familia,2° Juzgado de Familia,Amparo,2024-12-04,Resuelto,122
56658/23,Laboral,1° Juzgado Laboral,Hurto,2025-03-22,Resuelto,261
63200/25,Familia,2° Juzgado de Familia,Divorcio,2023-10-07,Archivado,63
73037/26,Laboral,2° Juzgado Laboral,Sucesorio,2024-05-29,Para Sentencia,838
45240/24,Penal (Colegio de Jueces),Unidad Conclusiva de Causas,Despido,2024-08-09,Para Sentencia,766
24312/24,Penal (Colegio de Jueces),Sala I,Homicidio,2023-12-20,Archivado,318
99447/26,Familia,2° Juzgado de Familia,Hurto,2024-05-22,Suspendido,845
18556/23,"Civil, Comercial y Minería",2° Juzgado Civil,Homicidio,2023-11-10,Suspendido,1039
63266/26,Penal (Colegio de Jueces),Sala III,Sucesorio,2025-09-08,En Trámite,371
69931/26,Laboral,2° Juzgado Laboral,Sucesorio,2023-09-28,En Trámite,1082
17667/26,Familia,2° Juzgado de Familia,Despido,2026-07-21,Archivado,187
10613/24,Laboral,2° Juzgado Laboral,Amparo,2024-05-20,Resuelto,187
52799/24,"Civil, Comercial y Minería",1° Juzgado Civil,Daños y Perjuicios,2025-08-07,Archivado,290
76205/24,Penal (Colegio de Jueces),Unidad Conclusiva de Causas,Sucesorio,2025-12-17,Resuelto,391
29698/26,"Civil, Comercial y Minería",4° Juzgado Civil,Homicidio,2026-02-26,Suspendido,200
11407/23,Laboral,2° Juzgado Laboral,Hurto,2024-07-08,Archivado,226
40797/25,Familia,1° Juzgado de Familia,Amparo,2025-02-22,Archivado,173
36761/23,"Civil, Comercial y Minería",3° Juzgado Civil,Despido,2025-12-08,Suspendido,280
24997/24,Familia,2° Juzgado de Familia,Sucesorio,2025-03-17,Archivado,169
73304/25,Laboral,1° Juzgado Laboral,Homicidio,2026-07-21,Resuelto,102
84668/24,Laboral,1° Juzgado Laboral,Despido,2025-03-25,En Trámite,538
89871/24,Penal (Colegio de Jueces),Sala III,Homicidio,2024-02-13,Para Sentencia,944
81990/25,Familia,1° Juzgado de Familia,Sucesorio,2024-12-28,Para Sentencia,625
46510/25,Familia,1° Juzgado de Familia,Amparo,2024-08-06,En Trámite,769
97526/25,"Civil, Comercial y Minería",1° Juzgado Civil,Hurto,2026-08-23,Resuelto,74
53761/26,Laboral,2° Juzgado Laboral,Sucesorio,2024-01-06,Resuelto,47
74976/24,Penal (Colegio de Jueces),Sala II,Divorcio,2025-10-11,Para Sentencia,338
30208/26,Familia,1° Juzgado de Familia,Sucesorio,2023-12-12,Resuelto,248
57631/26,Familia,2° Juzgado de Familia,Amparo,2023-10-25,En Trámite,1054
60949/25,Laboral,2° Juzgado Laboral,Homicidio,2025-08-20,Suspendido,390
63042/24,Laboral,3° Juzgado Laboral,Daños y Perjuicios,2025-10-31,Suspendido,318
57745/25,Penal (Colegio de Jueces),Sala I,Sucesorio,2024-09-05,En Trámite,739
67823/25,Familia,2° Juzgado de Familia,Divorcio,2025-05-01,Resuelto,317
15817/26,Familia,1° Juzgado de Familia,Despido,2025-12-27,Suspendido,261
13299/26,Familia,1° Juzgado de Familia,Sucesorio,2026-06-11,Para Sentencia,95
10835/23,"Civil, Comercial y Minería",4° Juzgado Civil,Sucesorio,2024-07-30,Resuelto,230
97096/23,"Civil, Comercial y Minería",1° Juzgado Civil,Sucesorio,2025-11-17,Resuelto,337
61302/23,Penal (Colegio de Jueces),Sala I,Sucesorio,2023-10-30,Archivado,116
63174/25,Familia,1° Juzgado de Familia,Daños y Perjuicios,2024-07-04,Resuelto,188
76361/25,Laboral,1° Juzgado Laboral,Hurto,2024-09-18,Suspendido,726
51548/26,Penal (Colegio de Jueces),Unidad Conclusiva de Causas,Despido,2024-02-12,En Trámite,945
45567/25,Penal (Colegio de Jueces),Sala II,Homicidio,2026-03-19,En Trámite,178
51505/26,Familia,2° Juzgado de Familia,Daños y Perjuicios,2024-12-02,Para Sentencia,651
7020/26,"Civil, Comercial y Minería",2° Juzgado Civil,Daños y Perjuicios,2024-01-06,En Trámite,982
52120/23,Laboral,3° Juzgado Laboral,Daños y Perjuicios,2024-04-02,Resuelto,108
2665/23,"Civil, Comercial y Minería",3° Juzgado Civil,Hurto,2025-02-25,Suspendido,566
12121/23,"Civil, Comercial y Minería",3° Juzgado Civil,Divorcio,2026-04-08,Para Sentencia,159
79863/24,Laboral,3° Juzgado Laboral,Hurto,2025-09-26,Resuelto,369
13449/24,"Civil, Comercial y Minería",4° Juzgado Civil,Daños y Perjuicios,2025-07-18,Para Sentencia,422
61830/25,Penal (Colegio de Jueces),Sala III,Hurto,2025-03-22,Para Sentencia,541
68005/26,Penal (Colegio de Jueces),Unidad Conclusiva de Causas,Amparo,2026-06-20,Suspendido,85
47899/25,Familia,1° Juzgado de Familia,Amparo,2024-08-29,Suspendido,746
60958/26,Penal (Colegio de Jueces),Sala III,Despido,2025-06-06,Suspendido,465
73506/25,Laboral,2° Juzgado Laboral,Divorcio,2025-09-22,En Trámite,357
14106/24,Penal (Colegio de Jueces),Unidad Conclusiva de Causas,Divorcio,2023-10-01,Archivado,64
9215/26,Penal (Colegio de Jueces),Unidad Conclusiva de Causas,Divorcio,2023-12-26,Suspendido,993
12542/23,Penal (Colegio de Jueces),Unidad Conclusiva de Causas,Hurto,2025-02-02,En Trámite,589
10047/25,Laboral,1° Juzgado Laboral,Amparo,2025-11-03,En Trámite,315
91572/25,Laboral,3° Juzgado Laboral,Sucesorio,2023-12-13,Archivado,165
7822/25,Familia,1° Juzgado de Familia,Divorcio,2024-06-10,Archivado,108
76354/26,Penal (Colegio de Jueces),Sala I,Amparo,2024-07-10,Archivado,341
68512/24,Familia,2° Juzgado de Familia,Sucesorio,2026-08-27,En Trámite,18
5193/23,Laboral,2° Juzgado Laboral,Amparo,2026-02-08,En Trámite,218
71202/26,Penal (Colegio de Jueces),Sala II,Sucesorio,2026-08-17,En Trámite,28
92649/25,Penal (Colegio de Jueces),Sala II,Daños y Perjuicios,2025-07-30,Archivado,328
87195/25,"Civil, Comercial y Minería",4° Juzgado Civil,Hurto,2026-02-08,Para Sentencia,218
8641/24,Penal (Colegio de Jueces),Sala III,Amparo,2025-02-27,Archivado,207
45513/26,Familia,2° Juzgado de Familia,Daños y Perjuicios,2026-01-20,Suspendido,237
6292/23,"Civil, Comercial y Minería",3° Juzgado Civil,Divorcio,2025-05-28,Suspendido,474
65599/24,"Civil, Comercial y Minería",1° Juzgado Civil,Despido,2026-02-21,En Trámite,205
36271/23,"Civil, Comercial y Minería",1° Juzgado Civil,Homicidio,2024-05-11,Archivado,129
79831/26,Laboral,2° Juzgado Laboral,Despido,2024-09-19,Para Sentencia,725
1229/25,Penal (Colegio de Jueces),Sala III,Divorcio,2024-01-06,Suspendido,982
62589/24,Familia,2° Juzgado de Familia,Hurto,2025-01-26,Suspendido,596
94268/26,Laboral,3° Juzgado Laboral,Sucesorio,2024-02-10,Resuelto,321
50759/24,Laboral,3° Juzgado Laboral,Amparo,2024-06-10,Archivado,235
35702/24,Laboral,3° Juzgado Laboral,Amparo,2024-11-06,Resuelto,333
58720/24,"Civil, Comercial y Minería",4° Juzgado Civil,Daños y Perjuicios,2026-04-09,Resuelto,164
63337/25,Penal (Colegio de Jueces),Unidad Conclusiva de Causas,Hurto,2025-04-05,En Trámite,527
65379/23,Laboral,3° Juzgado Laboral,Homicidio,2024-10-25,Para Sentencia,689
44221/24,Familia,2° Juzgado de Familia,Daños y Perjuicios,2024-07-05,En Trámite,801
39368/26,"Civil, Comercial y Minería",3° Juzgado Civil,Daños y Perjuicios,2025-03-06,Resuelto,112
27256/26,Laboral,2° Juzgado Laboral,Divorcio,2025-08-19,Resuelto,33
15245/24,Penal (Colegio de Jueces),Sala I,Homicidio,2026-04-13,En Trámite,154
14341/24,"Civil, Comercial y Minería",3° Juzgado Civil,Sucesorio,2025-10-23,En Trámite,326
80171/25,"Civil, Comercial y Minería",4° Juzgado Civil,Amparo,2024-06-08,Archivado,233
67304/25,Laboral,2° Juzgado Laboral,Amparo,2026-03-05,En Trámite,193
84533/26,Familia,1° Juzgado de Familia,Homicidio,2026-01-20,Para Sentencia,237
27680/25,"Civil, Comercial y Minería",4° Juzgado Civil,Divorcio,2025-05-29,Resuelto,136
87485/23,Familia,2° Juzgado de Familia,Despido,2026-06-02,En Trámite,104
8208/25,Penal (Colegio de Jueces),Unidad Conclusiva de Causas,Daños y Perjuicios,2025-06-11,Archivado,131
66242/25,Familia,1° Juzgado de Familia,Divorcio,2024-10-24,Archivado,167
12125/26,Penal (Colegio de Jueces),Unidad Conclusiva de Causas,Homicidio,2024-07-27,Para Sentencia,779
98833/26,Laboral,3° Juzgado Laboral,Sucesorio,2025-12-27,Archivado,58
75125/26,Laboral,3° Juzgado Laboral,Hurto,2026-09-08,Suspendido,6
57053/24,Penal (Colegio de Jueces),Unidad Conclusiva de Causas,Despido,2025-10-17,Archivado,390
75997/26,Penal (Colegio de Jueces),Sala III,Hurto,2024-06-25,En Trámite,811
75333/25,Penal (Colegio de Jueces),Unidad Conclusiva de Causas,Despido,2023-12-02,Suspendido,1017
4742/26,Familia,2° Juzgado de Familia,Sucesorio,2026-04-15,Suspendido,152
77791/23,"Civil, Comercial y Minería",1° Juzgado Civil,Homicidio,2024-04-06,En Trámite,891
45045/24,Laboral,2° Juzgado Laboral,Amparo,2024-08-28,En Trámite,747
90560/25,Familia,1° Juzgado de Familia,Sucesorio,2026-02-21,En Trámite,205
83646/25,"Civil, Comercial y Minería",2° Juzgado Civil,Daños y Perjuicios,2024-10-04,Para Sentencia,710
87306/23,Familia,1° Juzgado de Familia,Divorcio,2025-08-18,Para Sentencia,392
90518/23,Familia,2° Juzgado de Familia,Divorcio,2023-10-22,Resuelto,127
75004/26,Familia,1° Juzgado de Familia,Despido,2025-04-12,Para Sentencia,520
93899/25,"Civil, Comercial y Minería",4° Juzgado Civil,Hurto,2025-01-03,Archivado,108
55813/25,Familia,1° Juzgado de Familia,Homicidio,2025-01-30,Resuelto,361
82302/24,Laboral,2° Juzgado Laboral,Divorcio,2023-11-18,Suspendido,1031
29314/23,Penal (Colegio de Jueces),Sala III,Divorcio,2023-12-12,Resuelto,399
6344/26,"Civil, Comercial y Minería",1° Juzgado Civil,Amparo,2023-09-30,Suspendido,1080
99413/23,Laboral,2° Juzgado Laboral,Amparo,2024-05-17,Para Sentencia,850
51015/26,Penal (Colegio de Jueces),Sala III,Sucesorio,2024-08-13,En Trámite,762
2579/26,Laboral,2° Juzgado Laboral,Despido,2024-06-11,Resuelto,322
52577/26,Laboral,3° Juzgado Laboral,Hurto,2024-10-05,Archivado,93
58782/24,"Civil, Comercial y Minería",4° Juzgado Civil,Amparo,2024-09-01,Archivado,248
50600/24,Laboral,1° Juzgado Laboral,Amparo,2025-10-08,Resuelto,390
41890/25,Penal (Colegio de Jueces),Unidad Conclusiva de Causas,Divorcio,2026-04-02,En Trámite,165
40204/23,Familia,2° Juzgado de Familia,Hurto,2025-11-26,En Trámite,292
52776/24,Laboral,1° Juzgado Laboral,Hurto,2024-03-06,Para Sentencia,922
80084/23,"Civil, Comercial y Minería",3° Juzgado Civil,Daños y Perjuicios,2026-06-24,Resuelto,86
82745/25,Familia,2° Juzgado de Familia,Despido,2026-03-28,Suspendido,170
72438/25,"Civil, Comercial y Minería",3° Juzgado Civil,Daños y Perjuicios,2023-12-07,Para Sentencia,1012
96396/26,Laboral,2° Juzgado Laboral,Homicidio,2026-04-27,Para Sentencia,140
24444/23,Familia,2° Juzgado de Familia,Divorcio,2025-01-12,Para Sentencia,610
65081/24,Familia,2° Juzgado de Familia,Amparo,2024-06-23,En Trámite,813
55808/26,Penal (Colegio de Jueces),Sala I,Homicidio,2025-03-24,Para Sentencia,539
11697/24,Laboral,1° Juzgado Laboral,Hurto,2025-09-24,Archivado,319
20426/24,Penal (Colegio de Jueces),Sala III,Daños y Perjuicios,2023-11-11,Resuelto,87
27550/26,Laboral,1° Juzgado Laboral,Amparo,2025-10-28,Para Sentencia,320
66042/24,Familia,2° Juzgado de Familia,Hurto,2023-11-23,Suspendido,1026
90401/23,Laboral,1° Juzgado Laboral,Despido,2025-09-29,Archivado,171
88572/26,"Civil, Comercial y Minería",2° Juzgado Civil,Despido,2025-05-11,Para Sentencia,490
42477/23,"Civil, Comercial y Minería",2° Juzgado Civil,Amparo,2024-08-04,Archivado,88
85786/24,Penal (Colegio de Jueces),Sala III,Despido,2024-08-29,Archivado,237
1076/23,"Civil, Comercial y Minería",3° Juzgado Civil,Sucesorio,2024-10-17,Suspendido,696
58814/23,Familia,2° Juzgado de Familia,Homicidio,2026-01-08,Archivado,178
19252/25,Penal (Colegio de Jueces),Unidad Conclusiva de Causas,Daños y Perjuicios,2025-11-25,Para Sentencia,293
41510/24,Laboral,1° Juzgado Laboral,Despido,2025-02-16,Archivado,148
98662/26,Familia,2° Juzgado de Familia,Amparo,2024-08-21,En Trámite,754
19849/25,Penal (Colegio de Jueces),Sala I,Despido,2026-03-02,Suspendido,196
53887/25,"Civil, Comercial y Minería",4° Juzgado Civil,Sucesorio,2025-05-26,Para Sentencia,476
73938/23,"Civil, Comercial y Minería",1° Juzgado Civil,Daños y Perjuicios,2025-07-14,Para Sentencia,427
98640/23,Laboral,2° Juzgado Laboral,Despido,2026-07-15,Resuelto,126
62543/25,Laboral,2° Juzgado Laboral,Hurto,2026-05-24,Archivado,261
82611/25,Penal (Colegio de Jueces),Sala III,Amparo,2026-08-27,Suspendido,18
86349/25,Familia,2° Juzgado de Familia,Amparo,2026-03-20,Resuelto,285
55787/26,"Civil, Comercial y Minería",3° Juzgado Civil,Daños y Perjuicios,2023-09-19,Resuelto,295
8881/25,Familia,1° Juzgado de Familia,Divorcio,2023-10-29,En Trámite,1051
78699/23,"Civil, Comercial y Minería",2° Juzgado Civil,Hurto,2025-11-10,Resuelto,226
35751/24,Familia,2° Juzgado de Familia,Homicidio,2025-10-17,Para Sentencia,332
21322/23,Familia,2° Juzgado de Familia,Daños y Perjuicios,2025-02-11,Suspendido,580
93776/23,Laboral,3° Juzgado Laboral,Sucesorio,2026-03-25,Resuelto,127
43625/26,Penal (Colegio de Jueces),Sala III,Despido,2025-12-20,Para Sentencia,268
68015/25,Penal (Colegio de Jueces),Unidad Conclusiva de Causas,Hurto,2025-05-29,Archivado,141
99009/23,"Civil, Comercial y Minería",4° Juzgado Civil,Homicidio,2025-05-20,En Trámite,482
72306/23,Laboral,2° Juzgado Laboral,Homicidio,2025-04-28,Para Sentencia,504
54854/23,"Civil, Comercial y Minería",2° Juzgado Civil,Sucesorio,2026-01-23,Archivado,226
43622/24,Penal (Colegio de Jueces),Unidad Conclusiva de Causas,Homicidio,2025-08-22,Suspendido,388
6124/23,Laboral,2° Juzgado Laboral,Sucesorio,2025-03-07,Resuelto,381
42308/23,Penal (Colegio de Jueces),Unidad Conclusiva de Causas,Hurto,2024-07-22,Suspendido,783
85892/25,Penal (Colegio de Jueces),Sala I,Amparo,2024-12-19,Archivado,238
58971/24,Penal (Colegio de Jueces),Sala II,Despido,2026-02-12,En Trámite,214
2777/25,Familia,1° Juzgado de Familia,Hurto,2024-10-31,Suspendido,683
18677/26,Familia,1° Juzgado de Familia,Hurto,2023-11-15,Resuelto,46
77703/24,Familia,2° Juzgado de Familia,Despido,2026-08-25,Archivado,177
99684/25,Familia,1° Juzgado de Familia,Hurto,2025-03-14,Archivado,370
46059/26,Laboral,1° Juzgado Laboral,Amparo,2025-09-13,Suspendido,365
54445/24,Familia,2° Juzgado de Familia,Despido,2024-09-28,Archivado,159
40095/24,Laboral,1° Juzgado Laboral,Daños y Perjuicios,2025-11-09,Archivado,165
48659/24,Familia,1° Juzgado de Familia,Homicidio,2024-03-06,Para Sentencia,922
93776/25,Laboral,1° Juzgado Laboral,Hurto,2026-05-05,Suspendido,132
77193/24,Familia,1° Juzgado de Familia,Homicidio,2024-02-12,Para Sentencia,945
41361/25,"Civil, Comercial y Minería",2° Juzgado Civil,Sucesorio,2025-11-06,Para Sentencia,312
70743/24,Penal (Colegio de Jueces),Sala III,Daños y Perjuicios,2026-01-05,Suspendido,252
69552/26,Laboral,1° Juzgado Laboral,Despido,2026-04-25,Resuelto,105
69735/25,Familia,1° Juzgado de Familia,Homicidio,2026-06-15,Resuelto,239
8836/23,Familia,2° Juzgado de Familia,Homicidio,2024-01-16,En Trámite,972
83620/24,Laboral,2° Juzgado Laboral,Daños y Perjuicios,2025-02-08,Para Sentencia,583
65884/25,Familia,1° Juzgado de Familia,Sucesorio,2024-05-21,Para Sentencia,846
86884/25,Familia,1° Juzgado de Familia,Sucesorio,2025-08-13,En Trámite,396
56922/25,Laboral,3° Juzgado Laboral,Daños y Perjuicios,2024-04-14,Resuelto,373
78568/23,Laboral,1° Juzgado Laboral,Daños y Perjuicios,2024-09-23,Archivado,255
5339/23,Laboral,3° Juzgado Laboral,Sucesorio,2025-05-19,Resuelto,370
48569/24,"Civil, Comercial y Minería",1° Juzgado Civil,Sucesorio,2024-12-11,Para Sentencia,642
23427/24,Laboral,2° Juzgado Laboral,Despido,2024-04-18,En Trámite,879
92948/24,"Civil, Comercial y Minería",3° Juzgado Civil,Divorcio,2023-10-02,Archivado,281
78967/25,Laboral,2° Juzgado Laboral,Daños y Perjuicios,2024-09-18,En Trámite,726
72690/24,Familia,1° Juzgado de Familia,Sucesorio,2025-10-04,Resuelto,263
46143/26,Penal (Colegio de Jueces),Sala III,Daños y Perjuicios,2025-10-14,Resuelto,55
31807/24,"Civil, Comercial y Minería",4° Juzgado Civil,Amparo,2026-05-06,Suspendido,131
96513/26,Familia,1° Juzgado de Familia,Divorcio,2026-06-02,Para Sentencia,104
39211/23,Penal (Colegio de Jueces),Unidad Conclusiva de Causas,Amparo,2023-11-25,Para Sentencia,1024
83858/26,Laboral,2° Juzgado Laboral,Hurto,2025-05-05,Resuelto,193
73711/25,Laboral,2° Juzgado Laboral,Divorcio,2025-03-14,Para Sentencia,549
63863/25,Familia,2° Juzgado de Familia,Amparo,2024-12-18,Suspendido,635
32161/23,Familia,1° Juzgado de Familia,Homicidio,2026-08-22,En Trámite,22
92463/24,"Civil, Comercial y Minería",1° Juzgado Civil,Homicidio,2025-06-12,Para Sentencia,459
98580/25,Laboral,1° Juzgado Laboral,Sucesorio,2025-10-14,Suspendido,335
82342/26,"Civil, Comercial y Minería",1° Juzgado Civil,Sucesorio,2024-03-03,Archivado,326
28455/23,Laboral,1° Juzgado Laboral,Sucesorio,2025-02-19,En Trámite,571
13599/26,"Civil, Comercial y Minería",4° Juzgado Civil,Divorcio,2025-08-28,En Trámite,381
46376/26,Familia,1° Juzgado de Familia,Sucesorio,2026-04-30,En Trámite,137
70438/23,"Civil, Comercial y Minería",2° Juzgado Civil,Hurto,2024-04-06,Para Sentencia,891
86170/26,"Civil, Comercial y Minería",2° Juzgado Civil,Daños y Perjuicios,2023-11-25,Archivado,257
80686/23,Laboral,3° Juzgado Laboral,Homicidio,2026-05-07,Suspendido,130
72274/25,"Civil, Comercial y Minería",2° Juzgado Civil,Sucesorio,2024-01-31,Resuelto,305
69809/26,Familia,2° Juzgado de Familia,Sucesorio,2024-02-23,En Trámite,934
40892/25,Laboral,1° Juzgado Laboral,Despido,2024-05-20,Resuelto,138
98353/26,Laboral,1° Juzgado Laboral,Daños y Perjuicios,2024-03-18,Para Sentencia,910
44632/24,"Civil, Comercial y Minería",3° Juzgado Civil,Divorcio,2025-10-19,Resuelto,109
23690/24,Penal (Colegio de Jueces),Sala II,Despido,2024-05-26,Resuelto,75
15166/23,Laboral,1° Juzgado Laboral,Despido,2025-07-19,Suspendido,422
43422/23,Penal (Colegio de Jueces),Sala I,Hurto,2026-01-10,Archivado,238
38845/26,Penal (Colegio de Jueces),Sala II,Amparo,2025-03-31,Archivado,179
3982/24,Laboral,2° Juzgado Laboral,Homicidio,2026-06-21,Suspendido,85
50776/24,"Civil, Comercial y Minería",4° Juzgado Civil,Divorcio,2024-05-30,Para Sentencia,837
50051/23,Familia,1° Juzgado de Familia,Daños y Perjuicios,2025-12-21,Suspendido,267
35840/24,"Civil, Comercial y Minería",4° Juzgado Civil,Amparo,2025-11-08,En Trámite,310
71783/23,"Civil, Comercial y Minería",2° Juzgado Civil,Daños y Perjuicios,2026-03-28,En Trámite,169
94756/24,"Civil, Comercial y Minería",1° Juzgado Civil,Amparo,2024-10-23,Suspendido,691
9190/24,Familia,1° Juzgado de Familia,Divorcio,2024-03-15,En Trámite,913
46784/25,Penal (Colegio de Jueces),Sala I,Daños y Perjuicios,2024-08-28,Resuelto,224
31315/24,Familia,2° Juzgado de Familia,Amparo,2025-12-02,Resuelto,284
75126/25,Familia,2° Juzgado de Familia,Sucesorio,2026-01-17,Archivado,374
99532/24,Penal (Colegio de Jueces),Unidad Conclusiva de Causas,Despido,2026-04-24,Suspendido,143
10839/25,"Civil, Comercial y Minería",3° Juzgado Civil,Divorcio,2025-04-21,Suspendido,510
31924/26,Penal (Colegio de Jueces),Sala II,Despido,2025-01-14,Resuelto,62
42202/26,Familia,2° Juzgado de Familia,Sucesorio,2025-08-23,Suspendido,387
29081/24,"Civil, Comercial y Minería",4° Juzgado Civil,Homicidio,2024-06-11,Resuelto,115
13012/26,Laboral,2° Juzgado Laboral,Amparo,2026-07-10,En Trámite,66
61214/26,"Civil, Comercial y Minería",4° Juzgado Civil,Divorcio,2025-05-08,Resuelto,218
55887/23,"Civil, Comercial y Minería",1° Juzgado Civil,Divorcio,2023-09-29,Archivado,64
89462/26,Laboral,2° Juzgado Laboral,Divorcio,2026-02-28,Suspendido,198
61980/26,"Civil, Comercial y Minería",3° Juzgado Civil,Despido,2024-07-05,Archivado,385
93926/23,Familia,2° Juzgado de Familia,Daños y Perjuicios,2025-09-27,Archivado,166
33583/23,Laboral,2° Juzgado Laboral,Despido,2026-03-12,Archivado,134
95866/25,"Civil, Comercial y Minería",3° Juzgado Civil,Sucesorio,2024-12-28,Suspendido,625
52280/25,"Civil, Comercial y Minería",1° Juzgado Civil,Amparo,2024-07-02,Suspendido,803
25505/23,Penal (Colegio de Jueces),Unidad Conclusiva de Causas,Divorcio,2023-11-11,En Trámite,1038
13818/26,Familia,1° Juzgado de Familia,Homicidio,2026-07-15,Resuelto,382
1413/25,"Civil, Comercial y Minería",2° Juzgado Civil,Homicidio,2024-03-25,Archivado,366
2671/23,Penal (Colegio de Jueces),Sala I,Despido,2025-06-24,Archivado,361
99285/24,Penal (Colegio de Jueces),Sala III,Sucesorio,2024-02-01,Para Sentencia,956
77325/25,Penal (Colegio de Jueces),Unidad Conclusiva de Causas,Hurto,2024-04-09,Archivado,302
75952/23,"Civil, Comercial y Minería",3° Juzgado Civil,Despido,2023-12-10,Suspendido,1009
4096/26,Laboral,2° Juzgado Laboral,Amparo,2024-01-24,Resuelto,239
19798/24,Familia,2° Juzgado de Familia,Homicidio,2023-11-04,Archivado,96
30621/26,Familia,2° Juzgado de Familia,Homicidio,2024-02-29,En Trámite,928
97056/23,Familia,1° Juzgado de Familia,Amparo,2025-01-10,Archivado,339
28911/25,Familia,1° Juzgado de Familia,Hurto,2026-06-14,Suspendido,91
60104/25,"Civil, Comercial y Minería",3° Juzgado Civil,Hurto,2024-05-26,Suspendido,841
55507/25,Penal (Colegio de Jueces),Sala II,Hurto,2026-03-02,Suspendido,195
97996/25,Laboral,1° Juzgado Laboral,Daños y Perjuicios,2024-03-13,Suspendido,915
38918/23,Laboral,3° Juzgado Laboral,Despido,2025-01-15,Archivado,194
27724/25,"Civil, Comercial y Minería",3° Juzgado Civil,Divorcio,2025-08-30,Resuelto,328
45516/23,Familia,1° Juzgado de Familia,Divorcio,2023-12-08,Archivado,30
34444/23,Laboral,1° Juzgado Laboral,Hurto,2025-04-10,Para Sentencia,522
54698/23,"Civil, Comercial y Minería",2° Juzgado Civil,Divorcio,2026-09-01,Para Sentencia,13
78693/25,Penal (Colegio de Jueces),Sala I,Despido,2025-06-19,En Trámite,452
59467/25,"Civil, Comercial y Minería",3° Juzgado Civil,Daños y Perjuicios,2025-06-23,Para Sentencia,448
74476/24,Laboral,1° Juzgado Laboral,Daños y Perjuicios,2024-05-14,Archivado,386
9585/26,Laboral,3° Juzgado Laboral,Divorcio,2024-12-23,Suspendido,630
19439/23,Laboral,1° Juzgado Laboral,Sucesorio,2026-03-22,Resuelto,153
78615/23,Laboral,1° Juzgado Laboral,Sucesorio,2023-10-15,Archivado,76
78814/24,Penal (Colegio de Jueces),Sala I,Sucesorio,2025-10-12,Suspendido,337
42094/26,Laboral,2° Juzgado Laboral,Divorcio,2024-08-09,En Trámite,766
72588/24,Familia,2° Juzgado de Familia,Despido,2023-10-27,Resuelto,168
17045/25,Laboral,3° Juzgado Laboral,Daños y Perjuicios,2026-06-25,En Trámite,81
64526/23,"Civil, Comercial y Minería",3° Juzgado Civil,Despido,2026-04-03,Para Sentencia,164
23563/25,Laboral,3° Juzgado Laboral,Daños y Perjuicios,2024-05-25,Archivado,301
65102/26,"Civil, Comercial y Minería",4° Juzgado Civil,Daños y Perjuicios,2025-06-22,Suspendido,449
97046/23,"Civil, Comercial y Minería",1° Juzgado Civil,Despido,2025-02-28,Suspendido,563
89209/24,Laboral,1° Juzgado Laboral,Despido,2023-10-22,Archivado,323
55787/26,"Civil, Comercial y Minería",4° Juzgado Civil,Sucesorio,2023-12-19,Resuelto,48
63883/25,"Civil, Comercial y Minería",1° Juzgado Civil,Hurto,2025-08-05,Para Sentencia,405
87624/25,Penal (Colegio de Jueces),Sala I,Hurto,2025-09-27,En Trámite,352
86373/24,Penal (Colegio de Jueces),Sala III,Sucesorio,2023-11-18,Suspendido,1030
78693/24,Laboral,1° Juzgado Laboral,Daños y Perjuicios,2026-08-25,Suspendido,20
41874/26,Penal (Colegio de Jueces),Unidad Conclusiva de Causas,Sucesorio,2025-01-20,Para Sentencia,602
84099/23,Laboral,3° Juzgado Laboral,Sucesorio,2026-02-04,Resuelto,157
52346/25,Penal (Colegio de Jueces),Sala I,Despido,2024-10-22,Resuelto,125
9870/23,Penal (Colegio de Jueces),Unidad Conclusiva de Causas,Sucesorio,2025-08-18,Para Sentencia,392
1684/25,Penal (Colegio de Jueces),Sala II,Homicidio,2025-11-09,Para Sentencia,309
33339/25,Familia,2° Juzgado de Familia,Daños y Perjuicios,2026-01-04,En Trámite,253
70954/25,"Civil, Comercial y Minería",4° Juzgado Civil,Divorcio,2025-01-03,Resuelto,47
60356/23,Familia,1° Juzgado de Familia,Sucesorio,2026-02-06,Resuelto,246
48402/26,Familia,2° Juzgado de Familia,Daños y Perjuicios,2024-05-22,Archivado,184
78898/24,Laboral,3° Juzgado Laboral,Hurto,2024-06-22,En Trámite,814
17162/24,Laboral,1° Juzgado Laboral,Amparo,2024-12-25,Resuelto,190
22782/25,Laboral,2° Juzgado Laboral,Divorcio,2025-04-27,En Trámite,505
88215/25,Laboral,2° Juzgado Laboral,Despido,2025-02-25,En Trámite,565
38445/24,Penal (Colegio de Jueces),Unidad Conclusiva de Causas,Hurto,2025-12-10,Resuelto,99
70285/24,Penal (Colegio de Jueces),Sala II,Homicidio,2026-02-21,Suspendido,205
72236/23,Laboral,2° Juzgado Laboral,Daños y Perjuicios,2025-12-04,Para Sentencia,283
64993/26,Penal (Colegio de Jueces),Sala II,Amparo,2024-02-14,Suspendido,943
63285/26,Laboral,2° Juzgado Laboral,Homicidio,2025-12-28,Resuelto,186
79214/26,Penal (Colegio de Jueces),Sala II,Daños y Perjuicios,2024-02-04,Suspendido,953
73880/26,Penal (Colegio de Jueces),Unidad Conclusiva de Causas,Amparo,2024-09-22,Suspendido,722
29330/26,Penal (Colegio de Jueces),Sala II,Despido,2026-01-10,En Trámite,247
95494/25,Penal (Colegio de Jueces),Sala II,Sucesorio,2025-05-18,Resuelto,185
86954/26,Penal (Colegio de Jueces),Unidad Conclusiva de Causas,Hurto,2025-02-06,Resuelto,222
28666/26,Laboral,3° Juzgado Laboral,Sucesorio,2024-04-23,Archivado,291
12857/24,Penal (Colegio de Jueces),Unidad Conclusiva de Causas,Sucesorio,2024-03-04,Suspendido,923
45525/24,"Civil, Comercial y Minería",2° Juzgado Civil,Sucesorio,2024-08-11,Archivado,186
63520/26,"Civil, Comercial y Minería",4° Juzgado Civil,Sucesorio,2024-06-12,En Trámite,824
82865/23,Penal (Colegio de Jueces),Sala II,Divorcio,2026-01-31,Archivado,86
38982/26,"Civil, Comercial y Minería",1° Juzgado Civil,Amparo,2023-12-22,Archivado,218
12683/24,Laboral,1° Juzgado Laboral,Amparo,2025-12-16,Para Sentencia,272
66270/23,Penal (Colegio de Jueces),Sala III,Homicidio,2026-09-01,Archivado,310
73393/25,Familia,1° Juzgado de Familia,Sucesorio,2026-08-21,Archivado,359
30743/26,Laboral,3° Juzgado Laboral,Divorcio,2024-10-19,Suspendido,695
79882/26,Familia,2° Juzgado de Familia,Sucesorio,2023-09-24,En Trámite,1085
91094/23,Penal (Colegio de Jueces),Unidad Conclusiva de Causas,Homicidio,2024-04-01,Resuelto,329
6177/25,Familia,2° Juzgado de Familia,Divorcio,2025-01-06,Resuelto,395
84260/26,"Civil, Comercial y Minería",4° Juzgado Civil,Daños y Perjuicios,2024-04-28,Suspendido,869
11806/24,"Civil, Comercial y Minería",3° Juzgado Civil,Daños y Perjuicios,2026-07-27,Para Sentencia,49
71367/25,Penal (Colegio de Jueces),Unidad Conclusiva de Causas,Despido,2024-02-28,Suspendido,929
11252/24,"Civil, Comercial y Minería",2° Juzgado Civil,Homicidio,2025-12-09,En Trámite,279
76708/24,"Civil, Comercial y Minería",4° Juzgado Civil,Hurto,2026-01-21,En Trámite,236
71411/26,Laboral,1° Juzgado Laboral,Despido,2024-02-15,En Trámite,942
71645/23,Penal (Colegio de Jueces),Unidad Conclusiva de Causas,Amparo,2026-02-17,Archivado,329
71817/26,Penal (Colegio de Jueces),Unidad Conclusiva de Causas,Homicidio,2026-07-29,Para Sentencia,47
34041/23,Familia,2° Juzgado de Familia,Amparo,2024-12-12,En Trámite,641
2891/24,Familia,1° Juzgado de Familia,Daños y Perjuicios,2024-09-12,Resuelto,387
5396/25,"Civil, Comercial y Minería",4° Juzgado Civil,Amparo,2025-01-21,Resuelto,114
73933/23,Familia,2° Juzgado de Familia,Homicidio,2026-08-16,En Trámite,29
99135/25,"Civil, Comercial y Minería",2° Juzgado Civil,Sucesorio,2025-11-01,Suspendido,317
15784/24,"Civil, Comercial y Minería",3° Juzgado Civil,Amparo,2024-07-30,Resuelto,50
71550/26,Penal (Colegio de Jueces),Sala II,Divorcio,2023-11-29,Para Sentencia,1019
1284/24,Familia,2° Juzgado de Familia,Daños y Perjuicios,2026-04-10,Para Sentencia,157
91285/26,Penal (Colegio de Jueces),Sala II,Hurto,2024-08-02,Archivado,277
91887/23,"Civil, Comercial y Minería",3° Juzgado Civil,Daños y Perjuicios,2026-01-12,Para Sentencia,245
46791/24,"Civil, Comercial y Minería",3° Juzgado Civil,Amparo,2023-10-11,Suspendido,1069
64737/24,Laboral,1° Juzgado Laboral,Despido,2025-09-09,En Trámite,370
8369/24,Familia,2° Juzgado de Familia,Amparo,2024-07-09,Para Sentencia,797
43390/26,Penal (Colegio de Jueces),Sala I,Hurto,2025-03-20,Resuelto,400
94155/26,Familia,2° Juzgado de Familia,Despido,2025-09-02,Archivado,156
83475/26,Laboral,1° Juzgado Laboral,Hurto,2024-02-01,Suspendido,956
23668/25,Penal (Colegio de Jueces),Sala II,Amparo,2025-11-25,Suspendido,293
30069/26,Laboral,1° Juzgado Laboral,Despido,2024-11-21,Archivado,262
65747/23,Penal (Colegio de Jueces),Sala III,Hurto,2024-12-24,Suspendido,629
69572/23,Familia,2° Juzgado de Familia,Homicidio,2025-01-08,En Trámite,614
11834/26,Laboral,2° Juzgado Laboral,Hurto,2024-04-28,Archivado,212
39471/23,Penal (Colegio de Jueces),Sala II,Sucesorio,2024-07-16,Resuelto,223
65600/26,Familia,2° Juzgado de Familia,Sucesorio,2025-08-05,Archivado,302
72483/24,Familia,1° Juzgado de Familia,Hurto,2024-02-26,Suspendido,931
21896/24,Penal (Colegio de Jueces),Sala II,Homicidio,2024-04-09,Suspendido,888
85521/24,Laboral,3° Juzgado Laboral,Sucesorio,2024-01-16,Archivado,115
33728/25,Laboral,1° Juzgado Laboral,Hurto,2024-12-02,En Trámite,651
98372/25,"Civil, Comercial y Minería",2° Juzgado Civil,Daños y Perjuicios,2024-06-04,Resuelto,36
54686/23,"Civil, Comercial y Minería",3° Juzgado Civil,Amparo,2024-04-16,Suspendido,881
43180/25,"Civil, Comercial y Minería",1° Juzgado Civil,Sucesorio,2023-12-11,Resuelto,236
70199/26,Laboral,1° Juzgado Laboral,Amparo,2025-03-28,Para Sentencia,535
94590/25,Laboral,1° Juzgado Laboral,Homicidio,2025-08-07,Resuelto,382
10373/23,"Civil, Comercial y Minería",4° Juzgado Civil,Sucesorio,2025-11-01,Archivado,309
70923/26,Penal (Colegio de Jueces),Sala III,Despido,2025-09-07,Archivado,293
56175/23,Penal (Colegio de Jueces),Unidad Conclusiva de Causas,Daños y Perjuicios,2024-04-24,Archivado,303
52298/26,Laboral,1° Juzgado Laboral,Hurto,2023-11-04,Archivado,249
63846/24,Familia,1° Juzgado de Familia,Hurto,2025-11-27,Archivado,104
78510/25,Penal (Colegio de Jueces),Sala I,Daños y Perjuicios,2024-07-23,En Trámite,782
65686/25,"Civil, Comercial y Minería",4° Juzgado Civil,Sucesorio,2024-10-09,Archivado,67
27621/25,Familia,2° Juzgado de Familia,Divorcio,2023-11-11,Para Sentencia,1038
85546/26,"Civil, Comercial y Minería",4° Juzgado Civil,Divorcio,2024-01-03,En Trámite,985
31603/23,"Civil, Comercial y Minería",4° Juzgado Civil,Amparo,2025-12-16,Archivado,262
65453/26,"Civil, Comercial y Minería",4° Juzgado Civil,Hurto,2024-05-15,Para Sentencia,852
91695/24,Familia,1° Juzgado de Familia,Sucesorio,2024-04-05,Resuelto,331
32085/24,Laboral,2° Juzgado Laboral,Divorcio,2024-07-25,Suspendido,781
90229/26,Familia,1° Juzgado de Familia,Sucesorio,2023-12-02,En Trámite,1017
21089/25,Laboral,1° Juzgado Laboral,Hurto,2025-06-29,Para Sentencia,442
67538/23,Laboral,1° Juzgado Laboral,Sucesorio,2024-11-05,Archivado,96
65602/24,Laboral,2° Juzgado Laboral,Hurto,2024-06-07,Resuelto,117
60456/23,Laboral,3° Juzgado Laboral,Daños y Perjuicios,2025-08-19,En Trámite,391
67568/23,Penal (Colegio de Jueces),Sala II,Amparo,2024-09-02,Para Sentencia,742
84061/23,"Civil, Comercial y Minería",4° Juzgado Civil,Daños y Perjuicios,2025-01-28,Suspendido,594
17165/24,"Civil, Comercial y Minería",4° Juzgado Civil,Hurto,2026-05-15,Para Sentencia,122
6036/23,Penal (Colegio de Jueces),Sala I,Amparo,2025-05-30,Archivado,94
54384/26,"Civil, Comercial y Minería",1° Juzgado Civil,Daños y Perjuicios,2026-02-14,Resuelto,107
85776/26,Laboral,1° Juzgado Laboral,Divorcio,2023-12-01,Para Sentencia,1018
8644/26,Laboral,2° Juzgado Laboral,Homicidio,2024-07-15,Archivado,85
44389/24,Laboral,3° Juzgado Laboral,Despido,2024-10-13,Resuelto,141
87441/23,Penal (Colegio de Jueces),Sala I,Despido,2024-09-20,Para Sentencia,724
44186/23,Penal (Colegio de Jueces),Unidad Conclusiva de Causas,Daños y Perjuicios,2024-11-22,Resuelto,78
22942/26,Familia,1° Juzgado de Familia,Homicidio,2025-12-08,Para Sentencia,280
18447/23,Laboral,1° Juzgado Laboral,Sucesorio,2025-01-02,Archivado,190
85112/24,Laboral,3° Juzgado Laboral,Homicidio,2024-09-19,Resuelto,290
37373/24,Familia,1° Juzgado de Familia,Despido,2026-06-17,En Trámite,89
92562/26,"Civil, Comercial y Minería",4° Juzgado Civil,Sucesorio,2025-05-16,En Trámite,486
74531/25,"Civil, Comercial y Minería",1° Juzgado Civil,Divorcio,2026-03-01,Para Sentencia,197
72905/25,"Civil, Comercial y Minería",2° Juzgado Civil,Divorcio,2024-08-28,En Trámite,747
76754/26,Penal (Colegio de Jueces),Unidad Conclusiva de Causas,Amparo,2026-05-29,Resuelto,143
1136/23,Familia,1° Juzgado de Familia,Sucesorio,2024-02-07,Para Sentencia,950
35353/23,Penal (Colegio de Jueces),Unidad Conclusiva de Causas,Amparo,2025-09-16,En Trámite,363
76691/24,Laboral,2° Juzgado Laboral,Homicidio,2024-01-01,Resuelto,395
24748/26,Laboral,2° Juzgado Laboral,Despido,2023-12-10,Para Sentencia,1009
39724/23,Laboral,2° Juzgado Laboral,Daños y Perjuicios,2024-07-13,Para Sentencia,793
59185/25,Laboral,1° Juzgado Laboral,Divorcio,2024-05-22,Para Sentencia,845
94317/23,Penal (Colegio de Jueces),Sala II,Divorcio,2025-01-07,En Trámite,614
19712/24,"Civil, Comercial y Minería",3° Juzgado Civil,Sucesorio,2023-10-16,Archivado,88
48766/24,Laboral,3° Juzgado Laboral,Hurto,2025-08-25,Para Sentencia,385
41845/25,Laboral,1° Juzgado Laboral,Divorcio,2024-01-11,En Trámite,977
79871/26,Familia,1° Juzgado de Familia,Amparo,2025-03-14,Resuelto,274
24654/25,"Civil, Comercial y Minería",4° Juzgado Civil,Hurto,2024-01-12,Archivado,268
56110/23,Laboral,1° Juzgado Laboral,Hurto,2024-02-15,Archivado,226
68768/25,Laboral,3° Juzgado Laboral,Amparo,2025-05-21,Suspendido,481
75644/26,Laboral,3° Juzgado Laboral,Homicidio,2024-11-03,Para Sentencia,680
90427/23,Familia,2° Juzgado de Familia,Homicidio,2025-06-22,Para Sentencia,449
82176/23,Penal (Colegio de Jueces),Sala I,Sucesorio,2026-03-17,En Trámite,181
54115/24,Laboral,3° Juzgado Laboral,Daños y Perjuicios,2026-07-07,Resuelto,364
18690/25,Laboral,2° Juzgado Laboral,Despido,2026-03-28,Para Sentencia,170
12643/26,"Civil, Comercial y Minería",2° Juzgado Civil,Hurto,2026-05-11,Para Sentencia,126
27570/23,"Civil, Comercial y Minería",1° Juzgado Civil,Amparo,2025-12-10,Resuelto,120
46564/23,Laboral,1° Juzgado Laboral,Amparo,2026-04-25,Para Sentencia,142
76733/25,Familia,2° Juzgado de Familia,Divorcio,2025-06-17,Resuelto,194
41501/24,"Civil, Comercial y Minería",1° Juzgado Civil,Despido,2026-05-23,En Trámite,114
54816/26,"Civil, Comercial y Minería",1° Juzgado Civil,Despido,2025-06-13,Suspendido,457
60700/26,"Civil, Comercial y Minería",4° Juzgado Civil,Daños y Perjuicios,2026-06-28,Para Sentencia,78
98665/25,"Civil, Comercial y Minería",4° Juzgado Civil,Daños y Perjuicios,2024-03-02,Archivado,368
64764/25,"Civil, Comercial y Minería",4° Juzgado Civil,Daños y Perjuicios,2025-09-30,En Trámite,348
54366/23,Penal (Colegio de Jueces),Sala I,Daños y Perjuicios,2025-07-19,Suspendido,422
14766/23,Laboral,2° Juzgado Laboral,Despido,2025-03-06,En Trámite,557
69854/24,Penal (Colegio de Jueces),Sala III,Daños y Perjuicios,2024-09-05,Archivado,54
20349/26,"Civil, Comercial y Minería",4° Juzgado Civil,Despido,2024-05-07,Resuelto,96
10118/25,Laboral,2° Juzgado Laboral,Daños y Perjuicios,2025-08-20,Suspendido,390
83259/26,Penal (Colegio de Jueces),Unidad Conclusiva de Causas,Homicidio,2026-03-16,Suspendido,182
61464/25,Penal (Colegio de Jueces),Sala I,Despido,2024-06-22,En Trámite,814
75607/25,Familia,2° Juzgado de Familia,Despido,2025-12-06,Suspendido,282
80457/23,"Civil, Comercial y Minería",4° Juzgado Civil,Despido,2026-08-09,Archivado,357
30116/23,Penal (Colegio de Jueces),Sala II,Amparo,2026-07-29,Archivado,104
83529/26,Familia,1° Juzgado de Familia,Daños y Perjuicios,2024-12-27,En Trámite,626
1308/25,Penal (Colegio de Jueces),Sala I,Daños y Perjuicios,2025-02-16,Archivado,264
69807/25,Laboral,3° Juzgado Laboral,Homicidio,2024-05-08,Para Sentencia,859
48773/23,Penal (Colegio de Jueces),Unidad Conclusiva de Causas,Sucesorio,2026-02-01,Para Sentencia,225
52878/24,Laboral,3° Juzgado Laboral,Sucesorio,2024-06-13,Para Sentencia,823
45052/25,"Civil, Comercial y Minería",4° Juzgado Civil,Daños y Perjuicios,2026-05-22,Para Sentencia,115
79065/23,"Civil, Comercial y Minería",2° Juzgado Civil,Divorcio,2025-12-29,Resuelto,223
14534/26,Familia,2° Juzgado de Familia,Homicidio,2026-01-03,Resuelto,367
55552/26,Laboral,3° Juzgado Laboral,Despido,2024-03-14,Archivado,366
85972/26,Laboral,1° Juzgado Laboral,Divorcio,2025-10-29,Para Sentencia,320
56266/24,Penal (Colegio de Jueces),Sala I,Homicidio,2023-10-23,Archivado,139
6117/24,Familia,2° Juzgado de Familia,Divorcio,2024-04-09,Para Sentencia,888
99789/23,Familia,2° Juzgado de Familia,Amparo,2024-05-13,Para Sentencia,854
28350/25,Familia,1° Juzgado de Familia,Despido,2025-11-07,Para Sentencia,311
75342/24,"Civil, Comercial y Minería",4° Juzgado Civil,Despido,2024-05-22,En Trámite,845
18658/24,Familia,1° Juzgado de Familia,Hurto,2026-05-07,En Trámite,129
9975/25,Penal (Colegio de Jueces),Sala I,Homicidio,2024-09-05,Suspendido,739
24908/26,Familia,1° Juzgado de Familia,Divorcio,2026-09-03,Resuelto,212
61027/26,"Civil, Comercial y Minería",4° Juzgado Civil,Hurto,2026-01-22,Archivado,387
65039/23,Laboral,2° Juzgado Laboral,Despido,2025-11-08,En Trámite,310
16099/23,Penal (Colegio de Jueces),Sala II,Homicidio,2023-10-20,Archivado,273
90207/26,Laboral,2° Juzgado Laboral,Homicidio,2025-10-04,Archivado,266
95346/24,Laboral,2° Juzgado Laboral,Amparo,2025-12-12,En Trámite,276
30400/25,Penal (Colegio de Jueces),Sala II,Despido,2023-12-09,Suspendido,1010
46029/23,Familia,1° Juzgado de Familia,Homicidio,2025-03-26,En Trámite,537
54753/25,"Civil, Comercial y Minería",2° Juzgado Civil,Daños y Perjuicios,2023-12-22,Archivado,230
19127/26,Penal (Colegio de Jueces),Sala III,Daños y Perjuicios,2026-03-10,Para Sentencia,188
15338/25,Familia,2° Juzgado de Familia,Hurto,2024-01-30,Suspendido,958
47409/26,"Civil, Comercial y Minería",2° Juzgado Civil,Divorcio,2024-01-27,Archivado,57
58111/23,Laboral,2° Juzgado Laboral,Sucesorio,2025-05-10,En Trámite,492
10048/23,Familia,1° Juzgado de Familia,Daños y Perjuicios,2025-12-03,Resuelto,344
30697/23,Penal (Colegio de Jueces),Sala II,Daños y Perjuicios,2025-03-16,Suspendido,547
43026/23,Penal (Colegio de Jueces),Sala I,Sucesorio,2024-04-12,Suspendido,885
85315/26,Laboral,3° Juzgado Laboral,Hurto,2024-07-02,Resuelto,117
3891/25,"Civil, Comercial y Minería",1° Juzgado Civil,Daños y Perjuicios,2025-11-06,Para Sentencia,312
56816/23,Laboral,2° Juzgado Laboral,Daños y Perjuicios,2024-02-28,Archivado,315
83840/24,Familia,2° Juzgado de Familia,Daños y Perjuicios,2025-04-19,Para Sentencia,513
48019/26,Penal (Colegio de Jueces),Sala I,Amparo,2026-08-23,Resuelto,31
8693/25,Penal (Colegio de Jueces),Sala III,Sucesorio,2025-03-01,Para Sentencia,562
20739/26,"Civil, Comercial y Minería",3° Juzgado Civil,Hurto,2025-11-26,Para Sentencia,292
97944/25,Familia,2° Juzgado de Familia,Homicidio,2026-07-02,En Trámite,74
15049/26,"Civil, Comercial y Minería",2° Juzgado Civil,Homicidio,2025-04-29,Archivado,360
85133/24,Laboral,3° Juzgado Laboral,Homicidio,2024-08-17,Para Sentencia,758
48801/25,Laboral,3° Juzgado Laboral,Homicidio,2026-02-15,Para Sentencia,211
41759/23,Laboral,3° Juzgado Laboral,Despido,2024-11-28,Resuelto,129
28385/25,Laboral,2° Juzgado Laboral,Daños y Perjuicios,2025-06-13,Suspendido,458
48893/24,Laboral,3° Juzgado Laboral,Sucesorio,2024-04-22,Suspendido,875
12671/23,Penal (Colegio de Jueces),Sala II,Divorcio,2026-02-27,Suspendido,199
68200/23,Laboral,1° Juzgado Laboral,Sucesorio,2024-04-20,Archivado,170
86534/24,Laboral,1° Juzgado Laboral,Despido,2026-01-17,Resuelto,109
97731/23,Familia,1° Juzgado de Familia,Daños y Perjuicios,2025-10-16,Suspendido,333
19307/24,Laboral,1° Juzgado Laboral,Hurto,2026-01-04,En Trámite,253
55632/26,"Civil, Comercial y Minería",1° Juzgado Civil,Sucesorio,2026-02-21,Suspendido,205
87811/23,"Civil, Comercial y Minería",1° Juzgado Civil,Daños y Perjuicios,2024-12-21,Archivado,65
4574/26,Penal (Colegio de Jueces),Sala III,Divorcio,2024-12-04,Suspendido,649
75495/24,Penal (Colegio de Jueces),Sala III,Amparo,2024-01-04,Archivado,135
84158/26,Penal (Colegio de Jueces),Unidad Conclusiva de Causas,Sucesorio,2026-06-14,En Trámite,91
35602/24,Familia,2° Juzgado de Familia,Sucesorio,2024-05-21,Resuelto,192
26205/24,Laboral,2° Juzgado Laboral,Amparo,2025-03-18,Para Sentencia,545
84827/24,Laboral,3° Juzgado Laboral,Homicidio,2025-05-26,Para Sentencia,476
62224/25,Penal (Colegio de Jueces),Sala I,Despido,2025-06-19,Resuelto,361
45872/23,Familia,1° Juzgado de Familia,Hurto,2026-06-28,Para Sentencia,78
14000/24,Laboral,1° Juzgado Laboral,Divorcio,2026-06-10,Archivado,219
84541/26,"Civil, Comercial y Minería",3° Juzgado Civil,Divorcio,2025-08-15,Archivado,199
80583/23,Penal (Colegio de Jueces),Sala I,Hurto,2025-03-06,En Trámite,557
32776/26,Laboral,2° Juzgado Laboral,Divorcio,2026-06-29,Suspendido,77
44506/25,Familia,1° Juzgado de Familia,Hurto,2025-07-26,Resuelto,39
32100/23,"Civil, Comercial y Minería",3° Juzgado Civil,Amparo,2026-05-01,Archivado,64
55970/24,"Civil, Comercial y Minería",3° Juzgado Civil,Despido,2025-10-12,Archivado,158
24516/25,Laboral,1° Juzgado Laboral,Homicidio,2024-02-17,En Trámite,940
38542/23,"Civil, Comercial y Minería",3° Juzgado Civil,Amparo,2025-08-02,Suspendido,408
81340/25,Laboral,2° Juzgado Laboral,Hurto,2025-08-18,Archivado,248
82695/25,Laboral,3° Juzgado Laboral,Homicidio,2025-09-20,Resuelto,331
4530/24,Laboral,1° Juzgado Laboral,Amparo,2025-08-07,Resuelto,127
61264/25,Familia,1° Juzgado de Familia,Despido,2026-07-14,Archivado,67
97191/23,"Civil, Comercial y Minería",2° Juzgado Civil,Daños y Perjuicios,2026-01-02,Archivado,253
81855/23,Penal (Colegio de Jueces),Sala I,Amparo,2023-12-18,Suspendido,1001
35318/24,"Civil, Comercial y Minería",3° Juzgado Civil,Divorcio,2025-11-10,Archivado,111
76785/26,Familia,2° Juzgado de Familia,Daños y Perjuicios,2024-02-01,Suspendido,955
80818/26,Penal (Colegio de Jueces),Unidad Conclusiva de Causas,Homicidio,2026-03-23,Resuelto,293
91958/23,"Civil, Comercial y Minería",3° Juzgado Civil,Daños y Perjuicios,2026-02-23,Para Sentencia,203
74483/25,Laboral,1° Juzgado Laboral,Divorcio,2023-12-05,En Trámite,1013
54116/23,Laboral,3° Juzgado Laboral,Divorcio,2023-10-31,Suspendido,1049
58395/24,Familia,2° Juzgado de Familia,Amparo,2025-07-04,Suspendido,437
50849/24,Penal (Colegio de Jueces),Sala II,Despido,2024-05-02,Para Sentencia,865
4386/23,Penal (Colegio de Jueces),Sala I,Daños y Perjuicios,2024-07-22,Para Sentencia,784
30291/23,Laboral,2° Juzgado Laboral,Homicidio,2025-08-04,Resuelto,233
77619/23,Laboral,1° Juzgado Laboral,Sucesorio,2024-01-18,Resuelto,65
19358/23,Laboral,3° Juzgado Laboral,Despido,2024-05-25,En Trámite,842
94935/25,Laboral,1° Juzgado Laboral,Daños y Perjuicios,2026-07-26,Para Sentencia,50
43822/25,Laboral,2° Juzgado Laboral,Divorcio,2023-12-24,Para Sentencia,995
8005/26,Penal (Colegio de Jueces),Sala II,Hurto,2024-06-21,Resuelto,298
36101/23,"Civil, Comercial y Minería",4° Juzgado Civil,Amparo,2026-08-06,Para Sentencia,39
68647/24,Laboral,2° Juzgado Laboral,Hurto,2026-05-07,Resuelto,357
26211/24,Laboral,1° Juzgado Laboral,Despido,2023-10-01,Suspendido,1079
64386/26,Laboral,3° Juzgado Laboral,Daños y Perjuicios,2023-10-04,Archivado,250
26556/23,Penal (Colegio de Jueces),Sala III,Homicidio,2023-12-21,Suspendido,998
19740/24,"Civil, Comercial y Minería",4° Juzgado Civil,Despido,2024-11-21,Suspendido,662
2425/25,Penal (Colegio de Jueces),Sala I,Despido,2025-07-07,En Trámite,434
25994/24,"Civil, Comercial y Minería",4° Juzgado Civil,Sucesorio,2025-07-01,Resuelto,400
93105/26,"Civil, Comercial y Minería",2° Juzgado Civil,Daños y Perjuicios,2024-10-11,Resuelto,306
80840/24,Penal (Colegio de Jueces),Sala II,Divorcio,2026-06-23,Resuelto,366
98303/23,Laboral,3° Juzgado Laboral,Despido,2025-05-25,Archivado,374
5137/26,"Civil, Comercial y Minería",2° Juzgado Civil,Despido,2025-02-09,Para Sentencia,581
92712/23,Familia,1° Juzgado de Familia,Divorcio,2026-08-30,Para Sentencia,15
93310/23,Penal (Colegio de Jueces),Unidad Conclusiva de Causas,Hurto,2026-05-07,En Trámite,130
93474/23,"Civil, Comercial y Minería",3° Juzgado Civil,Daños y Perjuicios,2025-08-27,Suspendido,383
96607/24,Penal (Colegio de Jueces),Unidad Conclusiva de Causas,Divorcio,2024-05-28,Suspendido,839
64386/24,"Civil, Comercial y Minería",2° Juzgado Civil,Amparo,2026-07-19,En Trámite,56
31466/26,Familia,1° Juzgado de Familia,Daños y Perjuicios,2026-05-26,En Trámite,111
37656/24,"Civil, Comercial y Minería",2° Juzgado Civil,Daños y Perjuicios,2024-08-07,En Trámite,768
87024/25,Laboral,2° Juzgado Laboral,Hurto,2025-08-18,Para Sentencia,392
67117/26,"Civil, Comercial y Minería",2° Juzgado Civil,Daños y Perjuicios,2025-08-06,En Trámite,404
17612/25,Laboral,3° Juzgado Laboral,Daños y Perjuicios,2024-07-11,Resuelto,224
76719/23,Laboral,2° Juzgado Laboral,Amparo,2024-10-19,Suspendido,695
98080/23,Familia,1° Juzgado de Familia,Homicidio,2025-01-06,Resuelto,394
58787/23,Laboral,3° Juzgado Laboral,Daños y Perjuicios,2025-06-10,En Trámite,461
67097/23,Familia,2° Juzgado de Familia,Hurto,2024-07-23,Para Sentencia,783
90041/23,Penal (Colegio de Jueces),Sala I,Divorcio,2024-01-21,Suspendido,967
29241/24,Familia,1° Juzgado de Familia,Despido,2023-11-11,En Trámite,1038
96658/23,Familia,1° Juzgado de Familia,Daños y Perjuicios,2025-08-31,Resuelto,210
59738/25,Laboral,1° Juzgado Laboral,Amparo,2023-12-18,En Trámite,1001
41957/23,Penal (Colegio de Jueces),Sala I,Homicidio,2025-11-05,Suspendido,313
15676/26,"Civil, Comercial y Minería",2° Juzgado Civil,Divorcio,2025-04-26,En Trámite,506
58033/26,"Civil, Comercial y Minería",1° Juzgado Civil,Homicidio,2025-08-11,Suspendido,399
12723/23,"Civil, Comercial y Minería",1° Juzgado Civil,Divorcio,2025-12-01,En Trámite,287
54307/24,Laboral,2° Juzgado Laboral,Daños y Perjuicios,2023-12-05,En Trámite,1014
92612/24,"Civil, Comercial y Minería",2° Juzgado Civil,Daños y Perjuicios,2026-01-07,Archivado,298
34618/24,Penal (Colegio de Jueces),Unidad Conclusiva de Causas,Hurto,2025-04-21,Archivado,49
52192/23,Familia,2° Juzgado de Familia,Sucesorio,2026-09-10,Resuelto,72
18255/26,"Civil, Comercial y Minería",2° Juzgado Civil,Divorcio,2024-07-29,Archivado,303
50419/26,Familia,2° Juzgado de Familia,Amparo,2026-09-07,Suspendido,6
43771/25,Familia,2° Juzgado de Familia,Sucesorio,2024-01-04,Archivado,389
59260/23,Penal (Colegio de Jueces),Sala II,Amparo,2026-01-29,Resuelto,297
35673/24,Penal (Colegio de Jueces),Unidad Conclusiva de Causas,Daños y Perjuicios,2023-10-20,Suspendido,1060
82100/23,Penal (Colegio de Jueces),Unidad Conclusiva de Causas,Despido,2024-06-12,Archivado,127
83710/23,Penal (Colegio de Jueces),Sala II,Homicidio,2025-12-23,En Trámite,264
87565/26,"Civil, Comercial y Minería",1° Juzgado Civil,Homicidio,2026-02-08,Suspendido,218
68200/23,"Civil, Comercial y Minería",4° Juzgado Civil,Sucesorio,2024-04-03,Para Sentencia,894
8513/25,"Civil, Comercial y Minería",2° Juzgado Civil,Homicidio,2026-06-25,Resuelto,78
93917/24,"Civil, Comercial y Minería",2° Juzgado Civil,Homicidio,2024-11-16,Resuelto,83
8404/24,"Civil, Comercial y Minería",1° Juzgado Civil,Divorcio,2025-02-11,Para Sentencia,580
32829/23,Penal (Colegio de Jueces),Unidad Conclusiva de Causas,Amparo,2024-04-28,Para Sentencia,869
13951/26,"Civil, Comercial y Minería",4° Juzgado Civil,Sucesorio,2026-09-01,Resuelto,269
46413/25,Laboral,1° Juzgado Laboral,Daños y Perjuicios,2026-03-10,Archivado,351
55779/26,Laboral,1° Juzgado Laboral,Divorcio,2026-07-05,Suspendido,70
80404/23,Laboral,2° Juzgado Laboral,Sucesorio,2023-12-16,Para Sentencia,1003
31982/23,Familia,2° Juzgado de Familia,Homicidio,2026-05-26,Resuelto,57
21697/23,Penal (Colegio de Jueces),Sala I,Daños y Perjuicios,2026-07-26,Para Sentencia,50
48586/25,"Civil, Comercial y Minería",2° Juzgado Civil,Despido,2025-09-03,En Trámite,376
64172/24,"Civil, Comercial y Minería",4° Juzgado Civil,Homicidio,2024-04-02,Resuelto,139
13037/23,"Civil, Comercial y Minería",3° Juzgado Civil,Hurto,2023-11-09,Para Sentencia,1040
58430/24,Familia,2° Juzgado de Familia,Daños y Perjuicios,2026-08-06,Resuelto,366
68438/23,Familia,1° Juzgado de Familia,Divorcio,2024-12-21,Para Sentencia,632
36854/25,"Civil, Comercial y Minería",4° Juzgado Civil,Daños y Perjuicios,2024-07-14,En Trámite,792
57120/26,"Civil, Comercial y Minería",2° Juzgado Civil,Divorcio,2025-05-02,En Trámite,500
81012/26,Laboral,1° Juzgado Laboral,Amparo,2026-02-14,Para Sentencia,212
99301/23,"Civil, Comercial y Minería",4° Juzgado Civil,Divorcio,2025-03-03,Resuelto,65
73809/26,Penal (Colegio de Jueces),Unidad Conclusiva de Causas,Amparo,2025-04-17,En Trámite,514
57218/23,Laboral,3° Juzgado Laboral,Daños y Perjuicios,2026-08-24,Para Sentencia,20
40072/26,"Civil, Comercial y Minería",3° Juzgado Civil,Daños y Perjuicios,2026-05-31,Para Sentencia,106
35184/23,"Civil, Comercial y Minería",3° Juzgado Civil,Despido,2023-11-24,Resuelto,79
5715/26,Penal (Colegio de Jueces),Sala II,Sucesorio,2024-08-04,Suspendido,771
72897/24,Laboral,1° Juzgado Laboral,Daños y Perjuicios,2024-12-07,Para Sentencia,646
46706/26,"Civil, Comercial y Minería",2° Juzgado Civil,Daños y Perjuicios,2026-05-25,Resuelto,377
28756/23,"Civil, Comercial y Minería",4° Juzgado Civil,Sucesorio,2024-10-11,Resuelto,110
36336/26,"Civil, Comercial y Minería",2° Juzgado Civil,Despido,2024-06-06,Para Sentencia,830
61333/26,Familia,1° Juzgado de Familia,Amparo,2026-07-19,Suspendido,57
51113/26,"Civil, Comercial y Minería",4° Juzgado Civil,Despido,2025-03-10,Resuelto,298
40158/25,Laboral,1° Juzgado Laboral,Daños y Perjuicios,2026-05-19,Archivado,48
61015/25,Familia,1° Juzgado de Familia,Hurto,2024-03-03,Suspendido,925
15652/26,Familia,1° Juzgado de Familia,Amparo,2025-03-18,Para Sentencia,545
43526/25,Laboral,1° Juzgado Laboral,Hurto,2024-05-16,Para Sentencia,851
4161/25,Familia,2° Juzgado de Familia,Daños y Perjuicios,2025-09-14,Archivado,339
53210/24,Laboral,2° Juzgado Laboral,Sucesorio,2023-09-20,Para Sentencia,1090
89405/25,Penal (Colegio de Jueces),Sala I,Despido,2025-02-10,En Trámite,581
90173/26,Laboral,1° Juzgado Laboral,Amparo,2024-07-10,Resuelto,391
22295/24,Penal (Colegio de Jueces),Sala II,Divorcio,2024-02-09,Suspendido,947
80576/26,Penal (Colegio de Jueces),Sala I,Homicidio,2024-07-01,Resuelto,355
50178/26,Laboral,2° Juzgado Laboral,Despido,2025-07-21,Suspendido,420
21605/25,Laboral,3° Juzgado Laboral,Despido,2025-09-26,Resuelto,327
37732/25,Laboral,2° Juzgado Laboral,Amparo,2024-11-23,Para Sentencia,659
73389/23,Familia,2° Juzgado de Familia,Homicidio,2023-09-27,Resuelto,230
9742/25,Penal (Colegio de Jueces),Sala I,Sucesorio,2026-02-25,Resuelto,139
80706/26,Laboral,2° Juzgado Laboral,Sucesorio,2026-07-31,En Trámite,45
97143/25,Familia,2° Juzgado de Familia,Daños y Perjuicios,2024-05-23,Resuelto,287
4372/24,Penal (Colegio de Jueces),Unidad Conclusiva de Causas,Despido,2024-07-15,Para Sentencia,791
74528/26,Familia,2° Juzgado de Familia,Amparo,2024-07-05,En Trámite,801
31013/25,"Civil, Comercial y Minería",2° Juzgado Civil,Daños y Perjuicios,2025-06-04,En Trámite,467
31450/26,"Civil, Comercial y Minería",4° Juzgado Civil,Sucesorio,2025-03-11,Para Sentencia,551
11578/25,Laboral,2° Juzgado Laboral,Hurto,2025-05-22,Para Sentencia,480
25015/25,Penal (Colegio de Jueces),Unidad Conclusiva de Causas,Homicidio,2024-10-30,En Trámite,684
75241/26,Penal (Colegio de Jueces),Sala II,Sucesorio,2024-01-10,En Trámite,978
96852/25,Laboral,1° Juzgado Laboral,Hurto,2026-06-20,Resuelto,310
57035/23,Familia,2° Juzgado de Familia,Sucesorio,2025-12-09,En Trámite,279
39511/25,"Civil, Comercial y Minería",4° Juzgado Civil,Divorcio,2026-01-29,En Trámite,228
36737/23,Penal (Colegio de Jueces),Unidad Conclusiva de Causas,Divorcio,2024-09-07,Suspendido,737
62036/25,"Civil, Comercial y Minería",2° Juzgado Civil,Divorcio,2024-11-29,Suspendido,654
9010/24,Penal (Colegio de Jueces),Sala I,Daños y Perjuicios,2026-08-15,Archivado,313
12025/24,Familia,1° Juzgado de Familia,Homicidio,2025-09-13,En Trámite,366
25765/26,"Civil, Comercial y Minería",3° Juzgado Civil,Homicidio,2026-03-19,Resuelto,292
16602/23,Familia,1° Juzgado de Familia,Daños y Perjuicios,2023-09-27,Para Sentencia,1083
89441/26,Familia,2° Juzgado de Familia,Daños y Perjuicios,2024-04-25,En Trámite,872
26833/25,Familia,1° Juzgado de Familia,Hurto,2023-11-13,Resuelto,249
57845/23,Familia,2° Juzgado de Familia,Divorcio,2026-09-07,Para Sentencia,7
50308/25,Laboral,1° Juzgado Laboral,Homicidio,2024-11-26,Archivado,287
30521/23,Familia,2° Juzgado de Familia,Homicidio,2024-01-07,En Trámite,981
73104/23,Laboral,3° Juzgado Laboral,Hurto,2023-09-22,Para Sentencia,1087
47755/23,Familia,1° Juzgado de Familia,Amparo,2024-07-29,En Trámite,777
99217/24,"Civil, Comercial y Minería",1° Juzgado Civil,Despido,2026-08-19,Archivado,366
65432/26,Familia,1° Juzgado de Familia,Hurto,2026-06-14,Para Sentencia,91
36786/24,Familia,2° Juzgado de Familia,Despido,2024-10-18,Para Sentencia,695
54720/24,"Civil, Comercial y Minería",4° Juzgado Civil,Amparo,2024-03-17,Resuelto,345
92906/23,Laboral,2° Juzgado Laboral,Homicidio,2025-09-01,Suspendido,378
8066/24,Familia,1° Juzgado de Familia,Divorcio,2024-07-21,Resuelto,391
43474/24,Familia,1° Juzgado de Familia,Amparo,2024-11-17,En Trámite,666
75468/23,Penal (Colegio de Jueces),Sala II,Daños y Perjuicios,2024-06-09,Resuelto,226
59082/23,Penal (Colegio de Jueces),Sala III,Hurto,2023-11-27,Suspendido,1021
6443/25,Familia,2° Juzgado de Familia,Despido,2026-07-14,Suspendido,62
95602/23,"Civil, Comercial y Minería",2° Juzgado Civil,Daños y Perjuicios,2024-02-15,En Trámite,942
16535/26,Laboral,3° Juzgado Laboral,Despido,2026-03-14,Resuelto,51
73497/26,Penal (Colegio de Jueces),Sala III,Amparo,2023-10-02,En Trámite,1078
54882/26,Laboral,3° Juzgado Laboral,Hurto,2025-10-03,En Trámite,346
75454/24,Laboral,2° Juzgado Laboral,Homicidio,2024-10-01,Para Sentencia,713
6498/26,Familia,2° Juzgado de Familia,Daños y Perjuicios,2026-03-28,Para Sentencia,170
62402/23,Familia,1° Juzgado de Familia,Homicidio,2026-04-13,En Trámite,153
82110/26,"Civil, Comercial y Minería",3° Juzgado Civil,Sucesorio,2025-09-14,Suspendido,364
31372/24,Laboral,3° Juzgado Laboral,Sucesorio,2026-05-10,Archivado,359
60824/26,Familia,2° Juzgado de Familia,Amparo,2026-05-06,Suspendido,131
47826/25,"Civil, Comercial y Minería",1° Juzgado Civil,Sucesorio,2026-06-16,En Trámite,89
48524/25,"Civil, Comercial y Minería",1° Juzgado Civil,Homicidio,2026-04-10,Suspendido,157
98328/25,Familia,1° Juzgado de Familia,Amparo,2025-10-04,Archivado,197
21691/26,Familia,1° Juzgado de Familia,Hurto,2025-01-31,Suspendido,591
29808/26,Penal (Colegio de Jueces),Unidad Conclusiva de Causas,Despido,2026-09-06,Resuelto,106
25328/23,Laboral,2° Juzgado Laboral,Divorcio,2024-07-20,Archivado,97
23773/26,Penal (Colegio de Jueces),Sala III,Despido,2025-07-24,Suspendido,417
11014/23,Laboral,3° Juzgado Laboral,Amparo,2026-05-01,Archivado,344
23801/25,"Civil, Comercial y Minería",4° Juzgado Civil,Sucesorio,2025-05-15,Para Sentencia,487
35909/23,Penal (Colegio de Jueces),Sala I,Daños y Perjuicios,2024-03-13,Para Sentencia,915
39034/25,Penal (Colegio de Jueces),Unidad Conclusiva de Causas,Daños y Perjuicios,2026-05-13,Archivado,247
44074/25,Penal (Colegio de Jueces),Unidad Conclusiva de Causas,Hurto,2024-03-08,Archivado,247
16302/26,Penal (Colegio de Jueces),Sala II,Divorcio,2025-07-03,Archivado,215
64981/26,Laboral,1° Juzgado Laboral,Divorcio,2025-09-03,En Trámite,376
94433/24,Laboral,1° Juzgado Laboral,Daños y Perjuicios,2023-12-11,En Trámite,1008
86981/25,Penal (Colegio de Jueces),Sala II,Divorcio,2023-11-16,Resuelto,51
58459/23,Familia,1° Juzgado de Familia,Divorcio,2024-02-03,En Trámite,954
72143/23,Laboral,1° Juzgado Laboral,Daños y Perjuicios,2023-11-09,En Trámite,1039
48985/23,Penal (Colegio de Jueces),Unidad Conclusiva de Causas,Amparo,2026-06-01,Para Sentencia,105
7888/25,Familia,2° Juzgado de Familia,Divorcio,2024-08-20,Para Sentencia,755
50694/23,"Civil, Comercial y Minería",3° Juzgado Civil,Sucesorio,2024-01-26,Resuelto,126
62138/25,Familia,2° Juzgado de Familia,Homicidio,2024-07-17,Resuelto,269
52031/24,Familia,2° Juzgado de Familia,Homicidio,2024-12-12,Resuelto,282
10565/23,Familia,1° Juzgado de Familia,Homicidio,2024-05-09,Suspendido,858
87303/23,"Civil, Comercial y Minería",1° Juzgado Civil,Despido,2025-08-01,En Trámite,409
59301/24,"Civil, Comercial y Minería",3° Juzgado Civil,Hurto,2024-02-05,Para Sentencia,952
46772/25,Penal (Colegio de Jueces),Sala I,Daños y Perjuicios,2026-08-19,En Trámite,25
77870/24,Familia,1° Juzgado de Familia,Hurto,2023-12-08,Para Sentencia,1011
69545/24,"Civil, Comercial y Minería",2° Juzgado Civil,Daños y Perjuicios,2026-08-10,Suspendido,35
54918/24,Familia,2° Juzgado de Familia,Amparo,2025-01-20,Resuelto,385
29336/23,Laboral,2° Juzgado Laboral,Divorcio,2024-04-05,En Trámite,892
37048/26,Penal (Colegio de Jueces),Sala I,Despido,2025-12-16,Para Sentencia,272
19236/24,Familia,1° Juzgado de Familia,Divorcio,2024-03-17,En Trámite,911
65516/25,"Civil, Comercial y Minería",2° Juzgado Civil,Hurto,2025-03-13,Para Sentencia,550
52329/23,"Civil, Comercial y Minería",1° Juzgado Civil,Hurto,2026-06-25,Suspendido,81
60381/25,Familia,1° Juzgado de Familia,Daños y Perjuicios,2025-07-08,Para Sentencia,433
98785/24,Penal (Colegio de Jueces),Sala III,Despido,2026-07-12,Archivado,119
23125/24,Familia,2° Juzgado de Familia,Daños y Perjuicios,2026-01-14,Resuelto,284
77841/23,Laboral,2° Juzgado Laboral,Homicidio,2024-09-13,Resuelto,165
63134/25,Laboral,1° Juzgado Laboral,Divorcio,2025-08-28,Archivado,105
35190/24,"Civil, Comercial y Minería",4° Juzgado Civil,Homicidio,2026-02-15,Suspendido,211
20366/25,Penal (Colegio de Jueces),Unidad Conclusiva de Causas,Divorcio,2025-07-22,Archivado,208
60082/26,Familia,1° Juzgado de Familia,Sucesorio,2024-02-19,Para Sentencia,938
47841/25,Familia,2° Juzgado de Familia,Homicidio,2024-05-13,Suspendido,854
51893/25,Penal (Colegio de Jueces),Unidad Conclusiva de Causas,Amparo,2025-06-20,Suspendido,451
87193/26,Laboral,2° Juzgado Laboral,Amparo,2025-12-07,Suspendido,281
30477/23,Familia,1° Juzgado de Familia,Sucesorio,2025-09-04,Archivado,398
39473/23,Familia,2° Juzgado de Familia,Divorcio,2025-10-04,Para Sentencia,345
25579/23,Penal (Colegio de Jueces),Sala II,Despido,2025-07-28,En Trámite,413
38406/26,Penal (Colegio de Jueces),Unidad Conclusiva de Causas,Hurto,2026-07-13,En Trámite,63
27989/26,Penal (Colegio de Jueces),Sala II,Daños y Perjuicios,2025-02-13,Archivado,255
1042/23,Familia,1° Juzgado de Familia,Amparo,2025-02-09,Archivado,123
31834/25,"Civil, Comercial y Minería",1° Juzgado Civil,Homicidio,2025-08-11,Suspendido,399
54682/26,Laboral,1° Juzgado Laboral,Hurto,2024-07-06,Para Sentencia,800
54417/26,Penal (Colegio de Jueces),Sala I,Sucesorio,2024-09-27,Archivado,126
86477/25,Familia,2° Juzgado de Familia,Amparo,2026-09-09,Suspendido,5
43954/24,Laboral,2° Juzgado Laboral,Divorcio,2023-11-04,Suspendido,1045
76545/23,Laboral,3° Juzgado Laboral,Daños y Perjuicios,2024-05-31,Suspendido,836
7083/23,"Civil, Comercial y Minería",3° Juzgado Civil,Daños y Perjuicios,2024-03-02,Archivado,163
96452/23,Familia,2° Juzgado de Familia,Hurto,2025-10-08,Archivado,326
53983/26,Familia,2° Juzgado de Familia,Daños y Perjuicios,2024-12-06,Archivado,248
18377/23,Penal (Colegio de Jueces),Unidad Conclusiva de Causas,Hurto,2026-05-24,Resuelto,354
7989/24,Laboral,2° Juzgado Laboral,Divorcio,2025-08-03,Para Sentencia,407
77389/26,Penal (Colegio de Jueces),Sala II,Sucesorio,2023-09-27,Suspendido,1083
38907/23,Penal (Colegio de Jueces),Sala I,Hurto,2025-10-21,En Trámite,328
18407/25,Familia,2° Juzgado de Familia,Divorcio,2025-04-12,En Trámite,520
34368/25,"Civil, Comercial y Minería",2° Juzgado Civil,Hurto,2025-07-22,Archivado,142
51470/26,Familia,2° Juzgado de Familia,Hurto,2026-04-16,Resuelto,139
61251/25,Familia,1° Juzgado de Familia,Amparo,2025-09-04,Para Sentencia,375
58700/25,Penal (Colegio de Jueces),Sala I,Homicidio,2026-06-17,Suspendido,89
24275/26,Penal (Colegio de Jueces),Sala II,Sucesorio,2024-01-22,Suspendido,965
89903/26,Penal (Colegio de Jueces),Sala II,Hurto,2023-11-18,Resuelto,106
9606/23,Penal (Colegio de Jueces),Sala II,Despido,2025-10-07,Archivado,159
76934/26,"Civil, Comercial y Minería",2° Juzgado Civil,Sucesorio,2025-12-12,Resuelto,64
63851/23,Familia,2° Juzgado de Familia,Sucesorio,2024-09-30,En Trámite,714
12511/25,Laboral,3° Juzgado Laboral,Amparo,2026-07-04,En Trámite,72
11047/24,Penal (Colegio de Jueces),Sala I,Daños y Perjuicios,2026-08-13,Suspendido,32
25865/23,Penal (Colegio de Jueces),Unidad Conclusiva de Causas,Amparo,2025-11-13,Archivado,109
35541/25,Penal (Colegio de Jueces),Sala I,Homicidio,2025-02-16,Resuelto,56
82825/25,Laboral,3° Juzgado Laboral,Despido,2024-03-17,Resuelto,261
36459/26,Familia,2° Juzgado de Familia,Divorcio,2024-12-23,Archivado,150
18672/24,"Civil, Comercial y Minería",2° Juzgado Civil,Hurto,2026-02-18,Suspendido,208
96902/26,Familia,2° Juzgado de Familia,Despido,2023-12-04,Archivado,223
63528/24,Penal (Colegio de Jueces),Unidad Conclusiva de Causas,Homicidio,2025-10-24,Resuelto,187
34109/24,Laboral,1° Juzgado Laboral,Despido,2026-05-30,En Trámite,107
27146/24,Penal (Colegio de Jueces),Sala I,Despido,2025-10-25,Archivado,190
50507/23,Laboral,3° Juzgado Laboral,Despido,2025-05-06,Suspendido,496
86077/26,"Civil, Comercial y Minería",3° Juzgado Civil,Despido,2024-02-29,Para Sentencia,928
85188/26,Familia,1° Juzgado de Familia,Daños y Perjuicios,2025-05-18,Suspendido,484
40542/25,Familia,1° Juzgado de Familia,Hurto,2023-10-19,Archivado,318
3254/26,"Civil, Comercial y Minería",4° Juzgado Civil,Homicidio,2026-03-23,Resuelto,89
9089/26,Penal (Colegio de Jueces),Unidad Conclusiva de Causas,Sucesorio,2025-07-20,En Trámite,421
39976/26,Penal (Colegio de Jueces),Sala I,Sucesorio,2026-01-24,Suspendido,233
87685/26,Penal (Colegio de Jueces),Sala I,Despido,2024-12-19,Resuelto,248
78256/23,"Civil, Comercial y Minería",4° Juzgado Civil,Daños y Perjuicios,2026-06-25,En Trámite,81
58470/23,Familia,2° Juzgado de Familia,Daños y Perjuicios,2026-03-09,Archivado,168
1118/23,Laboral,3° Juzgado Laboral,Divorcio,2023-12-01,Resuelto,390
36616/25,Familia,1° Juzgado de Familia,Sucesorio,2026-01-22,Resuelto,57
63664/26,Penal (Colegio de Jueces),Sala I,Daños y Perjuicios,2024-05-21,Resuelto,207
34823/24,"Civil, Comercial y Minería",2° Juzgado Civil,Homicidio,2025-04-18,Resuelto,376
78300/26,Familia,2° Juzgado de Familia,Hurto,2024-09-30,Suspendido,714
30082/23,"Civil, Comercial y Minería",1° Juzgado Civil,Hurto,2024-12-17,Para Sentencia,636
6169/25,Penal (Colegio de Jueces),Sala I,Divorcio,2025-10-12,Para Sentencia,337
16178/23,"Civil, Comercial y Minería",4° Juzgado Civil,Amparo,2024-06-12,Suspendido,824
91219/26,Penal (Colegio de Jueces),Sala II,Homicidio,2024-08-31,En Trámite,744
83995/25,Penal (Colegio de Jueces),Sala II,Sucesorio,2025-10-22,En Trámite,327
61988/23,Familia,1° Juzgado de Familia,Daños y Perjuicios,2024-12-20,Archivado,110
94395/26,"Civil, Comercial y Minería",1° Juzgado Civil,Sucesorio,2025-05-11,En Trámite,491
6374/24,Familia,2° Juzgado de Familia,Sucesorio,2024-08-12,Suspendido,763
92591/23,Penal (Colegio de Jueces),Sala III,Amparo,2023-09-26,Suspendido,1083
74633/23,Familia,1° Juzgado de Familia,Daños y Perjuicios,2025-04-15,En Trámite,517
39074/25,Penal (Colegio de Jueces),Sala I,Despido,2025-09-03,Resuelto,223
81571/26,Laboral,3° Juzgado Laboral,Divorcio,2025-02-22,Suspendido,569
15124/26,"Civil, Comercial y Minería",3° Juzgado Civil,Daños y Perjuicios,2026-06-04,Suspendido,102
4517/23,Laboral,1° Juzgado Laboral,Divorcio,2025-10-15,En Trámite,333
41695/23,Familia,2° Juzgado de Familia,Divorcio,2025-11-09,En Trámite,309
75076/26,"Civil, Comercial y Minería",4° Juzgado Civil,Amparo,2023-12-26,Para Sentencia,992
37352/23,"Civil, Comercial y Minería",3° Juzgado Civil,Hurto,2026-07-21,En Trámite,55
67587/25,Laboral,2° Juzgado Laboral,Amparo,2025-04-20,Suspendido,512
51049/26,Familia,2° Juzgado de Familia,Divorcio,2025-11-07,Archivado,35
60411/26,"Civil, Comercial y Minería",3° Juzgado Civil,Sucesorio,2025-09-23,Archivado,307
91858/25,Laboral,3° Juzgado Laboral,Sucesorio,2025-11-26,Archivado,290
37865/23,"Civil, Comercial y Minería",4° Juzgado Civil,Despido,2024-03-11,Resuelto,163
10322/25,"Civil, Comercial y Minería",1° Juzgado Civil,Hurto,2024-06-09,Archivado,285
35828/26,Laboral,1° Juzgado Laboral,Despido,2023-12-30,En Trámite,989
58817/25,Familia,2° Juzgado de Familia,Despido,2025-02-03,Suspendido,588
37983/26,Penal (Colegio de Jueces),Unidad Conclusiva de Causas,Despido,2023-10-09,Para Sentencia,1071
19461/25,Familia,1° Juzgado de Familia,Hurto,2024-07-20,Archivado,387
46838/24,"Civil, Comercial y Minería",3° Juzgado Civil,Amparo,2023-12-26,Archivado,187
73587/26,"Civil, Comercial y Minería",3° Juzgado Civil,Daños y Perjuicios,2026-03-05,Resuelto,102
53874/23,Familia,1° Juzgado de Familia,Sucesorio,2025-08-18,Suspendido,392
47531/25,Laboral,3° Juzgado Laboral,Amparo,2024-07-21,Suspendido,784
72515/25,"Civil, Comercial y Minería",4° Juzgado Civil,Daños y Perjuicios,2024-09-30,Suspendido,714
31148/26,"Civil, Comercial y Minería",4° Juzgado Civil,Homicidio,2026-04-04,Suspendido,163
56327/24,Penal (Colegio de Jueces),Sala III,Sucesorio,2025-03-31,Archivado,76
27269/23,Penal (Colegio de Jueces),Sala I,Despido,2025-01-01,Archivado,326
51998/24,Penal (Colegio de Jueces),Sala I,Daños y Perjuicios,2025-09-11,Para Sentencia,368
2125/25,Laboral,3° Juzgado Laboral,Sucesorio,2024-02-18,Resuelto,118
70103/24,Penal (Colegio de Jueces),Sala II,Amparo,2026-03-26,Suspendido,171
58498/26,Laboral,1° Juzgado Laboral,Homicidio,2026-04-11,Resuelto,343
61617/23,"Civil, Comercial y Minería",1° Juzgado Civil,Despido,2025-07-09,Suspendido,432
14547/26,Familia,2° Juzgado de Familia,Despido,2026-03-16,En Trámite,182
87357/23,Familia,1° Juzgado de Familia,Despido,2024-11-07,En Trámite,676
90560/24,Familia,2° Juzgado de Familia,Hurto,2025-07-31,Archivado,181
29378/23,Laboral,2° Juzgado Laboral,Despido,2025-01-23,Archivado,115
6915/25,"Civil, Comercial y Minería",4° Juzgado Civil,Sucesorio,2024-04-02,Resuelto,336
52589/24,Laboral,3° Juzgado Laboral,Daños y Perjuicios,2023-09-20,Resuelto,32
8610/25,Penal (Colegio de Jueces),Unidad Conclusiva de Causas,Divorcio,2024-11-03,Resuelto,227
69547/24,"Civil, Comercial y Minería",3° Juzgado Civil,Divorcio,2023-11-17,Archivado,114
12977/26,"Civil, Comercial y Minería",1° Juzgado Civil,Sucesorio,2025-04-06,Suspendido,526
73730/26,Familia,1° Juzgado de Familia,Amparo,2026-04-20,En Trámite,147
72104/24,Penal (Colegio de Jueces),Unidad Conclusiva de Causas,Despido,2025-03-01,Archivado,273
25570/26,Familia,2° Juzgado de Familia,Daños y Perjuicios,2026-04-17,Suspendido,150
26794/26,Laboral,3° Juzgado Laboral,Despido,2023-09-20,En Trámite,1090
35738/26,Familia,2° Juzgado de Familia,Divorcio,2024-05-04,Para Sentencia,863
80824/24,Laboral,3° Juzgado Laboral,Daños y Perjuicios,2025-07-16,Archivado,316
6865/25,"Civil, Comercial y Minería",2° Juzgado Civil,Sucesorio,2024-12-30,Resuelto,349
4444/26,Familia,1° Juzgado de Familia,Daños y Perjuicios,2025-07-14,En Trámite,427
20068/24,Laboral,3° Juzgado Laboral,Homicidio,2025-08-12,Resuelto,377
8216/23,Familia,1° Juzgado de Familia,Despido,2024-09-11,En Trámite,733
9710/25,Penal (Colegio de Jueces),Sala III,Amparo,2025-07-18,Archivado,355
84460/25,Penal (Colegio de Jueces),Unidad Conclusiva de Causas,Sucesorio,2023-11-30,Suspendido,1019
25634/25,"Civil, Comercial y Minería",3° Juzgado Civil,Homicidio,2025-07-01,Resuelto,194
48172/26,Laboral,2° Juzgado Laboral,Homicidio,2024-10-05,Resuelto,43
80040/23,Penal (Colegio de Jueces),Sala III,Hurto,2026-07-06,En Trámite,69
43629/24,Penal (Colegio de Jueces),Unidad Conclusiva de Causas,Homicidio,2024-10-29,En Trámite,685
50580/24,Familia,1° Juzgado de Familia,Amparo,2025-10-23,Archivado,159
41258/26,Penal (Colegio de Jueces),Sala I,Homicidio,2025-06-27,Archivado,57
42655/25,Familia,1° Juzgado de Familia,Sucesorio,2024-03-08,Para Sentencia,919
2815/25,Familia,2° Juzgado de Familia,Sucesorio,2023-09-22,Suspendido,1087
35414/25,"Civil, Comercial y Minería",1° Juzgado Civil,Hurto,2023-09-30,Suspendido,1080
37957/26,"Civil, Comercial y Minería",2° Juzgado Civil,Sucesorio,2026-01-29,Archivado,358
65398/24,Penal (Colegio de Jueces),Sala III,Divorcio,2026-06-09,Archivado,97
41505/23,Familia,1° Juzgado de Familia,Divorcio,2024-02-14,Archivado,82
64466/26,Laboral,3° Juzgado Laboral,Daños y Perjuicios,2026-08-13,Archivado,51
75088/23,"Civil, Comercial y Minería",2° Juzgado Civil,Daños y Perjuicios,2025-04-07,En Trámite,525
40073/23,Laboral,1° Juzgado Laboral,Amparo,2025-08-13,En Trámite,397
89421/24,"Civil, Comercial y Minería",2° Juzgado Civil,Hurto,2024-10-27,Resuelto,207
39365/25,"Civil, Comercial y Minería",1° Juzgado Civil,Amparo,2026-03-18,En Trámite,180
10390/24,Familia,1° Juzgado de Familia,Hurto,2024-10-12,Suspendido,701
90648/24,Penal (Colegio de Jueces),Sala II,Divorcio,2026-08-20,En Trámite,25
94023/25,Laboral,1° Juzgado Laboral,Despido,2025-05-24,Resuelto,145
68025/24,Penal (Colegio de Jueces),Unidad Conclusiva de Causas,Homicidio,2025-07-15,Resuelto,148
46057/26,Familia,2° Juzgado de Familia,Divorcio,2024-02-16,Para Sentencia,941
30324/24,Penal (Colegio de Jueces),Sala III,Divorcio,2026-04-21,Resuelto,392
70560/24,Laboral,1° Juzgado Laboral,Despido,2026-02-10,Suspendido,216
89472/23,Familia,2° Juzgado de Familia,Daños y Perjuicios,2025-06-29,Para Sentencia,442
82990/23,Laboral,1° Juzgado Laboral,Sucesorio,2025-03-05,En Trámite,558
30895/25,Penal (Colegio de Jueces),Sala III,Homicidio,2025-07-10,Archivado,385
14187/26,Familia,1° Juzgado de Familia,Daños y Perjuicios,2025-12-07,Para Sentencia,281
84735/25,Laboral,3° Juzgado Laboral,Hurto,2025-10-10,Suspendido,339
55036/24,Familia,1° Juzgado de Familia,Despido,2023-11-28,Archivado,94
63357/24,Familia,2° Juzgado de Familia,Despido,2024-01-26,En Trámite,961
36768/23,Laboral,3° Juzgado Laboral,Amparo,2026-03-08,Suspendido,190
66722/25,"Civil, Comercial y Minería",3° Juzgado Civil,Despido,2026-03-22,Suspendido,176
64585/26,Familia,2° Juzgado de Familia,Amparo,2024-02-03,Resuelto,330
81429/25,"Civil, Comercial y Minería",1° Juzgado Civil,Divorcio,2025-11-30,Suspendido,288
62394/26,Penal (Colegio de Jueces),Unidad Conclusiva de Causas,Homicidio,2024-04-04,Suspendido,893
75759/23,"Civil, Comercial y Minería",2° Juzgado Civil,Homicidio,2024-03-07,Para Sentencia,921
45832/23,Penal (Colegio de Jueces),Sala III,Despido,2026-08-25,En Trámite,20
58147/26,"Civil, Comercial y Minería",1° Juzgado Civil,Sucesorio,2024-01-20,Suspendido,968
3604/24,"Civil, Comercial y Minería",3° Juzgado Civil,Daños y Perjuicios,2026-07-19,Para Sentencia,56
72366/23,Laboral,2° Juzgado Laboral,Divorcio,2025-12-06,Para Sentencia,282
97336/25,Penal (Colegio de Jueces),Unidad Conclusiva de Causas,Amparo,2023-12-11,Resuelto,386
17779/24,Penal (Colegio de Jueces),Sala I,Sucesorio,2024-04-13,En Trámite,884
31879/26,Familia,1° Juzgado de Familia,Despido,2026-03-12,Archivado,174
89065/24,"Civil, Comercial y Minería",2° Juzgado Civil,Hurto,2026-09-04,Resuelto,329
55301/26,Familia,2° Juzgado de Familia,Hurto,2024-02-22,Archivado,169
83318/23,Penal (Colegio de Jueces),Sala I,Despido,2023-12-31,Suspendido,988
85875/25,Familia,1° Juzgado de Familia,Divorcio,2026-05-04,Para Sentencia,133
77510/25,Familia,2° Juzgado de Familia,Hurto,2024-07-12,Resuelto,107
36282/25,Penal (Colegio de Jueces),Sala I,Homicidio,2024-10-25,Archivado,342
73602/23,"Civil, Comercial y Minería",1° Juzgado Civil,Sucesorio,2025-06-12,Para Sentencia,459
3325/24,Penal (Colegio de Jueces),Sala III,Amparo,2025-07-22,Archivado,310
36301/24,Penal (Colegio de Jueces),Sala I,Homicidio,2023-10-31,Suspendido,1049
44919/26,Penal (Colegio de Jueces),Sala III,Despido,2024-01-03,Resuelto,227
88265/25,"Civil, Comercial y Minería",3° Juzgado Civil,Daños y Perjuicios,2024-09-29,En Trámite,715
66228/25,Penal (Colegio de Jueces),Sala I,Homicidio,2024-11-22,Para Sentencia,661
26682/24,Penal (Colegio de Jueces),Sala III,Amparo,2025-05-09,Archivado,106
14023/24,Laboral,2° Juzgado Laboral,Sucesorio,2025-03-31,Resuelto,289
92706/23,"Civil, Comercial y Minería",3° Juzgado Civil,Hurto,2023-10-22,Archivado,46
53438/23,"Civil, Comercial y Minería",3° Juzgado Civil,Despido,2025-05-12,Archivado,56
73023/25,Familia,1° Juzgado de Familia,Divorcio,2025-12-03,Para Sentencia,285
20945/23,Laboral,1° Juzgado Laboral,Homicidio,2024-04-01,Resuelto,99
18338/26,Penal (Colegio de Jueces),Unidad Conclusiva de Causas,Homicidio,2026-04-30,En Trámite,137
1962/24,Penal (Colegio de Jueces),Unidad Conclusiva de Causas,Divorcio,2023-10-28,Suspendido,1052
62419/23,Laboral,2° Juzgado Laboral,Despido,2024-06-22,Para Sentencia,814
97610/24,Penal (Colegio de Jueces),Sala II,Hurto,2023-11-18,Suspendido,1031
14981/25,"Civil, Comercial y Minería",1° Juzgado Civil,Sucesorio,2023-09-22,Para Sentencia,1088
53673/26,Familia,2° Juzgado de Familia,Despido,2024-03-22,Resuelto,344
91963/23,Familia,1° Juzgado de Familia,Hurto,2026-05-03,En Trámite,134
